Feature,Importance
GAPDH,48
IFITM2,25
SRGN,22
HNRNPL,20
TNFAIP3,19
CREM,17
CDC73,16
EIF4A2,15
HLA-C,15
DOCK8,14
UBC,14
LAMTOR4,14
SAT1,13
EEF1G,13
UBB,12
DAZAP2,11
DUSP4,11
GZMH,11
HLA-G,11
CDC42SE2,10
TXNIP,10
CCL4L1,10
RALGAPA1,10
FAM49B,9
GPR108,9
TPT1,9
PRF1,9
HLA-B,9
RNF213,9
CHORDC1,9
XAF1,8
FOSL2,8
IRF1,8
ZBTB5,8
ARPC4,8
IFITM1,7
CD74,7
RBM39,7
B2M,7
MYO1F,7
IFI6,7
INTS4,7
NFKBIZ,7
EIF1,7
AHNAK,7
SLC38A1,7
TMED4,7
PDCD4,7
SQSTM1,7
S100A6,7
ITGB1,7
HIST2H2AA3,6
AHSA1,6
ECE1,6
TMSB10,6
PPIA,6
LILRB4,6
CFLAR,6
SERF2,6
ATP5D,6
YBX3,6
MED13,6
CCL3,6
UBA52,6
EPHA1,6
HIST2H2AA4,6
C1orf56,6
WARS,6
MT2A,6
CD58,6
VIM,5
ARPC3,5
ORC2,5
CCL5,5
CHST12,5
C1orf63,5
CAPZA1,5
EIF5A,5
IDS,5
TAGLN2,5
ADIPOR1,5
FNBP1,5
C10orf54,5
DHX29,5
LUC7L3,5
IARS,5
PRKCB,5
UBE2D1,5
HSPA1B,5
TBCC,5
CDC26,5
CHMP4A,5
RGPD5,5
EIF2S3,5
APOBEC3C,5
KDM4C,5
RGS1,5
SLAMF7,5
TLE3,5
STAT1,5
CTSC,5
ITK,5
CLIC1,5
ARIH2,5
DNMT3A,5
GNAS,5
SH3BGRL3,5
ACTG1,5
NDUFA7,4
FYN,4
CIRBP,4
ZNF292,4
HIF1A,4
PTMA,4
EIF4B,4
ANXA5,4
CHCHD2,4
GIT2,4
VIMP,4
CSNK2B,4
GSTK1,4
OFD1,4
HLA-E,4
SERPINB9,4
RBM6,4
AZI2,4
CSTB,4
SSH2,4
SLC25A5,4
EEF2,4
MAT2B,4
BRK1,4
SRSF3,4
PI4KA,4
SRSF6,4
CREBZF,4
CTNNB1,4
AAK1,4
PRKAR1A,4
CELF1,4
CLPB,4
DPYD,4
PHC3,4
IER2,4
NLRC5,4
MYL6,4
FAM133B,4
PPP2R5C,4
NAP1L1,4
FGD3,4
PIK3IP1,4
NBEAL1,4
SQRDL,4
ITPKB,4
EVL,4
PIK3CD,4
POLR2A,4
NCOA3,4
SKP1,4
OAZ1,4
OSTF1,4
BSG,4
IFITM3,4
TAX1BP1,4
LMNA,4
USP9Y,4
ATP6V0D1,4
PARP14,4
VAPA,4
HSP90AA1,4
SRRM2,4
DENR,3
SNRPF,3
RP4-583P15.14,3
PTPRC,3
EEF1D,3
PSMB9,3
FLNA,3
CFL1,3
EIF4G2,3
BUB3,3
HMHA1,3
ABTB1,3
USF2,3
CTBP1,3
CSRNP1,3
HSP90B1,3
UBXN11,3
SPG7,3
C6orf62,3
C11orf58,3
MON1B,3
ANP32E,3
AP2B1,3
TGOLN2,3
ANXA1,3
CERKL,3
NKG7,3
VPS13C,3
CTSW,3
DNAJB11,3
SLC35E2B,3
TRA2B,3
NBPF11,3
ZFP36,3
PRICKLE4,3
ATP8A1,3
DDX17,3
JAK1,3
NDUFA12,3
PPP1CB,3
TMSB4X,3
SYT11,3
TAPBP,3
WIPF1,3
TC2N,3
HMGN2,3
RAPGEF6,3
DDX46,3
TULP4,3
RP11-166B2.1,3
ZNF331,3
PDPK1,3
LY9,3
ZNF736,3
SSR3,3
TAP1,3
PSMA3,3
IRF2BP2,3
CD37,3
CORO1A,3
SNRPD2,3
FXR1,3
KIAA1551,3
HLA-DQB1,3
GIGYF1,3
NR3C1,3
TPM4,3
TRIM22,3
KIAA2026,3
SCAF4,3
TSC22D3,3
BTG1,3
FAM120B,3
ATM,3
ATP5L,3
COMMD1,3
TRA2A,3
BTN3A3,3
PPP1CA,3
UGDH,3
RAB33B,3
EIF3F,3
SH3BGRL,3
NXF1,3
FTL,3
CD2BP2,3
SPDYE2,3
PCNXL2,3
DEDD,3
PSME2,3
ZNF638,3
CLK3,3
NPM1,3
CCR7,3
PPIB,3
UBBP4,3
MAT2A,3
FYB,3
HNRNPK,3
USP34,3
RP11-347C12.1,3
RPN2,3
MAP3K2,3
NACA,3
C9orf64,3
ZFP36L2,3
FPGS,3
COX4I1,3
ZNF783,3
ATF4,3
SND1,3
NR4A2,3
BTN3A2,3
APOL2,3
CD38,3
MEF2D,3
TMOD3,3
ARHGEF1,3
EIF4G3,3
C1orf43,3
MYO1G,3
NUP98,3
KCTD20,3
CCDC130,2
NPIPA1,2
IFI44L,2
CCNL2,2
ZNF706,2
ANP32A,2
RNF10,2
OXA1L,2
NONO,2
SLC25A6,2
TGFBR2,2
SIK1,2
EML4,2
HERC1,2
HBP1,2
ISG20,2
KMT2A,2
UBA1,2
GNPTG,2
CHD9,2
BLMH,2
TRABD,2
TRAT1,2
ATP5B,2
AFF1,2
TGFBI,2
ZNF655,2
RAB7A,2
TYK2,2
ST6GALNAC6,2
NDRG1,2
EIF3A,2
ATG3,2
CEP135,2
ARCN1,2
TAF9B,2
GADD45B,2
PABPC1,2
SON,2
ST3GAL5,2
CD99,2
COPA,2
UBE2D3,2
SUMO1,2
CCDC115,2
RBM14,2
ADSS,2
ORMDL1,2
PDE4B,2
NHP2L1,2
USP11,2
SF3B3,2
ZFP36L1,2
TRAF3IP3,2
RNF4,2
PTK2B,2
PPP6R3,2
EIF3D,2
YWHAB,2
RSBN1L,2
DNAJB14,2
ZFYVE27,2
RHOA,2
POLR2E,2
TAGAP,2
HSPA1A,2
CCT7,2
HSPA9,2
RANBP2,2
CAMK2D,2
CNN2,2
NUMA1,2
CECR1,2
PCSK5,2
BLOC1S1,2
CEBPZ,2
ALMS1,2
LSM4,2
USP15,2
STARD7,2
KIAA1109,2
HLA-F,2
ZNF302,2
SLA,2
EPSTI1,2
RNASEK,2
CKAP5,2
DIP2A,2
TYMP,2
DPP8,2
ATP5A1,2
ID2,2
CSDE1,2
CD47,2
ARPC2,2
IKZF1,2
DEF6,2
CCDC88C,2
VCP,2
YME1L1,2
ITGAL,2
GMFG,2
PSTPIP1,2
MDFIC,2
MAGOHB,2
EXOC2,2
C4orf32,2
HSPA8,2
TMA7,2
IL7R,2
CCDC107,2
HINT1,2
FBXW2,2
SLC25A3,2
RQCD1,2
MED15,2
PHF19,2
PRKCQ,2
TRAPPC1,2
HINFP,2
MALT1,2
PLCL2,2
STK4,2
CALM1,2
NBPF10,2
KLHL36,2
UBN1,2
RHOH,2
NPEPPS,2
VAPB,2
GLRX3,2
RIPK2,2
BIRC3,2
WDR1,2
ZFC3H1,2
ZNF66,2
PSMB10,2
NGRN,2
DDIT4,2
CELF2,2
MEMO1,2
KHSRP,2
COPS6,2
CPNE1,2
VPS33B,2
TRNAU1AP,2
EIF3M,2
MYADM,2
VMP1,2
TALDO1,2
SOD1,2
SP100,2
CALR,2
BRD2,2
FGFR1OP,2
HNRNPH3,2
RASSF3,2
LYAR,2
EEF1B2,2
ATP5E,2
PTGER4,2
DNAJB1,2
COQ10B,2
NAPG,2
ARHGAP35,2
TCIRG1,2
IMP4,2
CSNK1D,2
TRIM8,2
RPAIN,2
SELT,2
RAB7L1,2
PIK3CG,2
EIF3K,2
ZAP70,2
SAR1A,2
ATG2B,2
FUBP1,2
CDC37,2
CDK6,2
HLA-DRB1,2
MCL1,2
SYNGR2,2
ANXA11,2
DNAJC19,2
DAP,2
GTDC1,2
GOLGB1,2
DENND4A,2
CYB5B,2
SMG1,2
ACTR3,2
TSC22D2,2
DHRS7,2
SUB1,2
ELF1,2
CST7,2
PCGF5,2
UBE2L6,2
LRRC8C,2
EDEM1,2
LAPTM5,2
GCA,2
B4GALT1,2
HERPUD1,2
CYCS,2
CDC42SE1,2
MIS18BP1,2
DCAF8,2
PPP1R12A,2
SFPQ,2
RUNX3,2
CALM3,2
LIMD2,2
RNPEPL1,2
ALDOA,2
TMEM229B,2
CAPZB,2
CALM2,2
CHFR,2
TTC14,2
EIF3E,2
SRSF1,2
CD55,2
RHOQ,2
ENTPD4,2
ENO1,2
TMEM66,2
PAN3,2
RP11-345J4.5,2
TTLL5,2
ALKBH7,2
EPM2AIP1,2
SEC11A,2
NKTR,2
LAMTOR1,2
H3F3B,2
NBPF9,2
LEPROTL1,2
GZMB,2
RBX1,2
UQCRC2,2
PPP1R2,2
HEATR1,2
ZBTB38,2
LDHB,2
FAM134A,2
COX6A1,2
SLC38A2,2
KIAA0100,2
DGCR2,2
HIPK1,2
GNB2L1,2
IL21R,2
IL10RB,2
MPHOSPH8,2
ITGB2,2
MAPRE1,2
IL2RB,2
GIMAP5,2
PRDM1,2
DXO,2
SFI1,2
SYTL3,2
IL32,2
ERAP2,2
CTDSP1,2
USMG5,2
SPSB3,2
TPR,2
RNF168,2
RAD54L2,2
DHDDS,2
SEC61B,2
SSR2,2
TPM3,2
LSM14A,2
SNX1,2
GPX1,2
PIM1,2
ZNF7,2
PDCD6,2
BCL2L1,2
ELL,2
ARPC1B,2
SPDYE1,2
NARF,2
NCKAP1L,1
TRMT112,1
SEC16A,1
GNPDA1,1
YPEL5,1
MVP,1
BTG2,1
XPO1,1
FKBP11,1
ATP2A3,1
NFAT5,1
ELL2,1
PNRC2,1
C14orf166,1
RAB8B,1
CCPG1,1
HSPH1,1
MFF,1
NCAPH2,1
SLC35F2,1
CLASP1,1
PNISR,1
ARHGAP15,1
NCL,1
TMEM14B,1
ANKRD13C,1
ERCC1,1
QRICH1,1
GZMK,1
PMM2,1
LDHA,1
EGLN2,1
DDB2,1
LINC00999,1
SRSF5,1
U2AF1,1
EWSR1,1
RBM8A,1
RNASEH1,1
PLEKHB2,1
C1orf174,1
PFDN5,1
TAF9,1
GSTP1,1
ATP6V0E1,1
RBM19,1
CLCC1,1
NOSIP,1
SRSF7,1
ANKRD10,1
MPHOSPH10,1
SHISA5,1
DHX15,1
ST6GAL1,1
PSMA5,1
JMJD6,1
YTHDF2,1
NAA38,1
RP11-514P8.6,1
ADAM8,1
MT1E,1
DRAP1,1
NEK1,1
GPCPD1,1
NSD1,1
ZNF407,1
RMND5A,1
SRP9,1
C6orf48,1
AZIN1,1
PUM2,1
DOCK11,1
ZNF746,1
MICAL2,1
UTP6,1
GLIPR1,1
PEX19,1
PSENEN,1
KIAA0196,1
CBX6,1
PARN,1
ECH1,1
ALG6,1
OCIAD2,1
CBWD5,1
TMEM120B,1
TXN,1
ZMAT5,1
CTC1,1
DUSP5,1
C7orf55-LUC7L2,1
NMT1,1
EIF3L,1
SERPINB1,1
NBPF8,1
IRF3,1
C19orf60,1
ATP13A1,1
CASP10,1
PLAC8,1
REL,1
CD247,1
PHIP,1
ZC3H18,1
FRG1B,1
AUP1,1
CPSF3L,1
RIF1,1
ARL4C,1
LONP2,1
CD7,1
UFD1L,1
TNFSF9,1
ROMO1,1
ADIPOR2,1
C19orf43,1
MBOAT1,1
CCNK,1
RAC2,1
TMBIM6,1
RAF1,1
ATG16L2,1
NOC2L,1
HMG20A,1
CRTAM,1
RABGAP1L,1
FASLG,1
ME2,1
SETDB2,1
GDI2,1
C14orf2,1
CYBA,1
HSF1,1
INSR,1
UBE2D2,1
NEU1,1
TRPS1,1
DDX23,1
SUN2,1
NDUFC2,1
C14orf182,1
NOP58,1
CTBS,1
CUL4A,1
PMPCB,1
FBXW7,1
TRIM69,1
AKNA,1
TOMM7,1
RABAC1,1
ISG15,1
RBL2,1
BAG3,1
IRF2BPL,1
CD69,1
RPN1,1
TCP1,1
SBNO1,1
VPS37B,1
ZNF33B,1
MLX,1
MDH2,1
RBM34,1
RBMS1,1
TRAM1,1
CLEC2B,1
COPE,1
CCZ1,1
UBQLN1,1
RASSF5,1
ADCY7,1
G3BP2,1
EGR1,1
FYTTD1,1
DDHD1,1
UBE2J1,1
BRD4,1
TXNDC15,1
LARP4B,1
LCP2,1
KPNA5,1
PAIP2,1
TMEM175,1
FOS,1
G3BP1,1
OTUB1,1
S100A10,1
NDUFB8,1
RC3H1,1
FLYWCH1,1
TUSC2,1
MGA,1
XPO7,1
PREX1,1
U2AF1L4,1
RGPD2,1
TMEM2,1
SESN1,1
SF1,1
DFFA,1
ARID4B,1
GNAI2,1
STT3A,1
SMCHD1,1
MLLT6,1
RB1,1
SFXN1,1
IDH2,1
RBM10,1
YTHDF1,1
AP4B1,1
CD2,1
COTL1,1
GOLGA2,1
SOAT1,1
RBM3,1
SEL1L3,1
TLN1,1
PCBP1,1
CBWD6,1
GBP2,1
HS6ST1,1
TMX4,1
EZR,1
NDUFB9,1
BRD3,1
DDX5,1
TMC8,1
NINJ1,1
CNOT6L,1
SURF4,1
GK,1
PFN1,1
TVP23C,1
MFSD6,1
CD46,1
EPB41,1
BLOC1S6,1
MAF,1
OGT,1
MFN2,1
BOLA2B,1
HLA-DPA1,1
PLA2G16,1
PDAP1,1
HMGN1,1
IKZF5,1
ISCU,1
TRAPPC10,1
CDC40,1
XPOT,1
PRR4,1
PARP10,1
SLC20A2,1
THAP7,1
FIS1,1
PKM,1
EXOC4,1
CNPY2,1
MIOS,1
GOSR2,1
ABLIM1,1
ILF2,1
HSD17B11,1
SAP30BP,1
CD63,1
ST3GAL1,1
MIF,1
LPIN1,1
FOXP1,1
TRBC2,1
HLA-A,1
IDE,1
YPEL2,1
ANKRD17,1
SDCBP,1
MSN,1
TGIF1,1
RETSAT,1
TRIP12,1
ANKRD44,1
FTH1,1
NFKBIA,1
GBP4,1
TMEM131,1
NCF1,1
EIF2AK4,1
CTCF,1
TMEM140,1
ARHGEF2,1
NGLY1,1
RP11-192H23.4,1
RBM27,1
PSMA7,1
NDUFA13,1
RCHY1,1
FAS,1
STK10,1
RNF19A,1
RAB11FIP1,1
PDIA3,1
ZSWIM4,1
MS4A1,1
TMF1,1
SASH3,1
CREB3L2,1
AKAP13,1
PSPC1,1
GUCD1,1
C5orf45,1
SERBP1,1
SUCO,1
FAM102A,1
SAFB2,1
UTRN,1
CHMP1A,1
WBP11,1
HMGB2,1
SETX,1
DECR1,1
ATF7IP2,1
POMP,1
FKBP15,1
C1QBP,1
ARHGEF39,1
EVI2B,1
PHB2,1
NOD1,1
COX7C,1
GRHPR,1
ATG16L1,1
HSP90AB1,1
RPAP2,1
HIGD1A,1
SLC20A1,1
BECN1,1
NDUFB3,1
LCK,1
PTDSS1,1
NFYC,1
ITM2A,1
DDOST,1
PIK3C3,1
SYAP1,1
NSMCE1,1
TMED2,1
NAB1,1
CCND2,1
EP300,1
RTFDC1,1
PWWP2A,1
TMEM248,1
PRRC2B,1
ZC3H7A,1
IL6ST,1
INPP5D,1
CCDC109B,1
RP11-1407O15.2,1
COPB2,1
DAD1,1
IGFLR1,1
TRIM13,1
TNFRSF1B,1
EIF3C,1
PIGB,1
NCBP2,1
PDLIM2,1
ZSWIM8,1
HNRNPH1,1
ACAP2,1
SERP1,1
HERC3,1
NDUFV2,1
HCST,1
ANAPC11,1
CREBBP,1
ST8SIA4,1
MAPKAPK3,1
ARPC4-TTLL3,1
LITAF,1
PRDX1,1
KDM2A,1
IBTK,1
LPCAT4,1
TAF1C,1
FNDC3A,1
GPR183,1
ABCA7,1
FKBP2,1
KIAA0430,1
DMTF1,1
NDUFA4,1
SSU72,1
MYL12B,1
KDM2B,1
UBA5,1
PTP4A2,1
ATG12,1
UROS,1
C16orf54,1
NOTCH2,1
SEMA4A,1
MTSS1,1
COA4,1
PARP8,1
OSTC,1
PITRM1,1
CTD-2370N5.3,1
GSDMD,1
BTF3,1
IAH1,1
WTAP,1
C12orf57,1
SUMO2,1
HUWE1,1
PARK7,1
WDR77,1
CHD1,1
HADHB,1
N4BP2L2,1
FAM122B,1
GLTSCR2,1
TUBGCP6,1
STK17B,1
NDUFA11,1
MCTP2,1
NRD1,1
NIPBL,1
HSPD1,1
FASTK,1
DNAJC5,1
NEMF,1
DDX60L,1
DDX6,1
ZBTB44,1
HERPUD2,1
TMED5,1
PAPOLA,1
ATP5C1,1
ZHX2,1
TPP1,1
TUBA1B,1
RAB8A,1
MORF4L1,1
MTFP1,1
RGPD8,1
CCDC90B,1
PSMC6,1
ARHGAP4,1
SLC35E2,1
FMNL3,1
NBPF15,1
BNIP1,1
CYTIP,1
SARS,1
ARAP2,1
PHACTR2,1
SRCAP,1
TUFM,1
ZNF791,1
PAG1,1
DNPH1,1
AURKAIP1,1
DBI,1
WIPI2,1
ARGLU1,1
KLF2,1
SYNE1,1
COX6C,1
YEATS2,1
SMEK2,1
RNF2,1
DPM1,1
GALNT11,1
EIF5,1
NELFE,1
C5orf15,1
CBFA2T2,1
HNRNPF,1
LPP,1
GNL2,1
NPIPB3,1
YWHAQ,1
RNF25,1
PYCR2,1
KIAA2013,1
MYO5A,1
TIFA,1
FMNL1,1
MDM4,1
SUGP2,1
MTG1,1
VDAC2,1
SH2D1A,1
PPP2CA,1
NMRK1,1
AL627309.1,1
UQCRC1,1
GLUL,1
GLYR1,1
KPNA6,1
DNASE1,1
TTC39C,1
TREX1,1
RREB1,1
TSEN54,1
POLR2G,1
UGCG,1
H2AFV,1
IGKC,1
PHYKPL,1
ECHDC1,1
TPRKB,1
COG3,1
PHF11,1
CCNB1,1
ADAT2,1
SAP130,1
ERGIC2,1
PRKAG1,1
RPP25L,1
TRADD,1
TNPO2,1
RABIF,1
NISCH,1
CCL4,1
CCT4,1
IK,1
RASSF7,1
WSB1,1
MSH5,1
CLK1,1
TRAPPC9,1
MUS81,1
M6PR,1
PGAM1,1
PRRC2A,1
NBPF14,1
SRGAP2,1
RAB27A,1
SYVN1,1
EPS15,1
NPIPB4,1
GPSM3,1
MED28,1
LPCAT3,1
TLK1,1
CRBN,1
SRSF8,1
TMED10,1
RBM5,1
DUSP11,1
XRCC6,1
SNRNP70,1
DLG1,1
SZT2,1
STAT5B,1
HM13,1
AC008964.1,1
SACM1L,1
SYNGR1,1
ATP6V1G1,1
MRFAP1,1
GNG2,1
C20orf112,1
LYST,1
EIF3CL,1
ATP5G2,1
PSMA6,1
PSMB7,1
SP4,1
SF3A1,1
DYNLT1,1
CDKN1A,1
NDUFA3,1
ARHGDIB,1
USP36,1
DDX39A,1
IL16,1
STOML2,1
KCNAB2,1
MECP2,1
TRAF5,1
HLA-DQA1,1
FLCN,1
LTBP4,1
UCP2,1
ILF3,1
IFI16,1
CASC3,1
AIMP1,1
GPBP1,1
VPS54,1
RNPC3,1
RAP2B,1
RHOF,1
CD84,1
STAT3,1
MCCC2,1
SF3B2,1
KMT2E,1
LDLRAP1,1
PIAS3,1
ID3,1
KIAA1468,1
SRSF11,1
UFM1,1
NAA50,1
WWTR1,1
OSBPL7,1
SNRPB,1
KDM5A,1
HAVCR2,1
FBL,1
RBMX,1
RPA1,1
LENG8,1
ARPP19,1
RNF7,1
JMJD7,1
NOP10,1
RNF34,1
FKBP5,1
GPRIN3,1
DDX26B,1
ZNHIT1,1
PLK3,1
CXCR4,1
THAP2,1
ARHGAP9,1
SNAP23,1
BHLHE40,1
RNF38,1
GPAA1,1
UBR1,1
LTB,1
CNOT2,1
USP16,1
HSPB11,1
WHSC1L1,1
FAM21B,1
TBC1D2B,1
KLRC4-KLRK1,1
BIRC6,1
RASSF1,1
WDR6,1
RAB30,1
IST1,1
TRPC4AP,1
PRRC2C,1
ARHGAP25,1
MOB4,1
PDZD8,1
RGPD3,1
LASP1,1
TRIM38,1
POLR3E,1
CXorf40B,1
MBNL2,1
PRKD3,1
ABCE1,1
MAP2K1,1
HNRNPH2,1
RFX5,1
SSR1,1
UBA7,1
NOTCH2NL,1
PAK2,1
ITGA4,1
GGA3,1
APMAP,1
C16orf72,1
NABP1,1
CHD7,1
ECSIT,1
NCOR1,1
KLHL6,1
ST13,1
CDK4,1
KLRG1,1
IFRD1,1
SDCCAG8,1
ARL6IP4,1
ACADVL,1
GIMAP7,1
FAM91A1,1
TRIM66,1
NAP1L4,1
GPX4,1
CD5,1
ANP32B,1
PLEC,1
YWHAZ,1
CHCHD3,1
HCLS1,1
OPA3,1
ZMIZ2,1
KARS,1
SMURF2,1
CLIP1,1
ZNF490,1
GOLGA1,1
NAGA,1
TGFB1,1
PARP1,1
DNAJA2,1
UQCRB,1
SEC61A1,1
HNRNPC,1
ETS1,1
SLC25A45,1
ZFAND6,1
SLTM,1
CLPTM1,1
GRB2,1
TMEM71,1
TRAPPC13,1
USP33,1
VILL,1
UBE2J2,1
CD3G,1
KIF13B,1
PLA2G4B,1
PTPRCAP,1
PYCARD,1
PSME1,1
SENP7,1
CD6,1
TMBIM1,1
TET2,1
APRT,1
CBLB,1
PFKP,1
CRIPT,1
SRI,1
CANX,1
ZYX,1
EEF1A1,1
SPOP,1
CEP85L,1
MIA3,1
FXYD5,1
SPOCK2,1
POC1B,1
EIF4E,1
ATXN7,1
CLIP4,1
CYP51A1,1
PEBP1,1
SNRPC,1
CCNDBP1,1
SF3B1,1
ATF7IP,1
FIBP,1
DNM2,1
MLKL,1
MTA1,1
IL10RA,1
MKNK1,1
PHF3,1
UBE2V1,1
ICOS,1
CD8A,1
HNRNPR,1
C6orf106,1
SNRK,1
DUSP2,1
LNPEP,1
CHD2,1
RBBP4,1
ARHGAP1,1
CPVL,1
HNRNPU,1
NR4A1,1
OSTM1,1
MVD,1
ZNF195,1
LRCH3,1
ITM2B,1
FAU,1
YWHAE,1
INPP4B,1
AOAH,1
HELZ,1
FAM107B,1
MDH1,1
TXN2,1
SUCLG2,1
RAB3GAP1,1
HYOU1,1
ACOT9,1
BNIP2,1
RAB1B,1
ELF4,1
KLF13,1
SYNE3,1
TRIM33,1
MOB1A,1
EIF4A1,1
CTSD,1
MACF1,1
EIF2S3L,1
TRRAP,1
CSNK1A1,1
FLOT2,1
COPB1,1
FOSB,1
MTHFD2,1
GBP5,1
PEX2,1
ANKRD12,1
MYH9,1
SEPW1,1
TANK,1
TMEM154,1
HLA-DQB2,1
PNP,1
CCDC88B,1
TNKS2,1
PVRIG,1
THRAP3,1
MYD88,1
USP48,1
JUNB,1
SKA2,1
CACYBP,1
PPIG,1
ETNK1,1
CD3E,1
KIAA0247,1
CD19,1
FAM217B,1
IQGAP1,1
ACTR2,1
DNAJB6,1
VAMP7,1
NEDD9,1
SENP6,1
GZMA,1
SLC7A6OS,1
HNRNPDL,1
PNPLA2,1
BOD1L1,1
PSMD11,1
TOMM22,1
BROX,1
H2AFZ,1
TMEM9B,1
RPRD2,1
RBM25,1
TSPYL1,1
TRAF2,1
PARP4,1
XPNPEP1,1
AL358333.1,1
ADK,1
PARP15,1
CHCHD5,1
TBC1D4,1
EIF5B,1
GOLPH3,1
PBXIP1,1
ARL6IP1,1
GAB3,1
PYHIN1,1
TMEM59,1
PTEN,1
HNRNPLL,1
CDS2,1
PGK1,1
DYNC1H1,1
PSMB8,1
KMT2C,1
GON4L,1
HKR1,1
SUPT4H1,1
ACAP1,1
SRP14,1
WDFY1,1
PDE4DIP,1
TPI1,1
NDUFA1,1
VRK3,1
NBPF1,1
CPSF6,1
RCC2,1
MIER1,1
COG1,1
NAV1,1
MSTO1,1
POM121,1
RP11-231C14.4,1
KLF6,1
SORL1,1
CLN3,1
TMEM199,1
TNRC6B,1
MICU2,1
ATP5I,1
RNF114,1
RGS19,1
IKZF3,1
EIF3G,1
DNAJC25,1
UGGT1,1
PSMA4,1
HIVEP2,1
GPI,1
RBM12,1
NUDCD2,1
AP1G2,1
NME1-NME2,1
ADAR,1
ZDHHC13,1
GSPT1,1
PLEKHF2,1
DYNLL1,1
PRPF38B,1
LAPTM4A,1
NUP210,1
FAM65B,1
TRPT1,1
PTRH2,1
DLD,0
POLE3,0
SH3GL1,0
RP1-130H16.18,0
ZNF273,0
PRRG4,0
ACSL5,0
ZYG11B,0
NDRG2,0
PDS5A,0
TAB3,0
SC5D,0
ST3GAL4,0
RPA3-AS1,0
ACADSB,0
ACBD6,0
AGK,0
SF3B4,0
TBC1D7,0
PCMTD2,0
LGALS8,0
TMEM260,0
AC018867.2,0
PRMT1,0
S1PR4,0
ESCO2,0
VMA21,0
CASS4,0
GTF2IRD2,0
RSRC1,0
SHARPIN,0
FBXL18,0
SLC35E1,0
PPP2CB,0
VAT1,0
CCT5,0
GTF3C5,0
VPS13D,0
ITGA2,0
EPC1,0
YTHDC1,0
LUC7L,0
CBL,0
MAPK13,0
RSBN1,0
C9orf16,0
LRP1,0
RNPS1,0
GPR137,0
GMEB1,0
EPB41L5,0
ERP29,0
UPF1,0
AQR,0
CALHM2,0
VIPAS39,0
H1FX,0
CR2,0
CRNKL1,0
CPSF7,0
TMEM261,0
C20orf196,0
HRH2,0
PSMG4,0
FAM96A,0
VASP,0
E2F5,0
CRTC3,0
ZUFSP,0
GPR174,0
EIF3B,0
BDH1,0
LRRC7,0
SPHK1,0
CHN2,0
KAT6B,0
PHEX,0
FBXO8,0
DEGS1,0
LSP1,0
LYN,0
BACE1,0
SARNP,0
VWA8,0
TCEANC2,0
CDC16,0
DDA1,0
PARP12,0
PISD,0
AP2S1,0
WDR73,0
CDADC1,0
FCGR2C,0
SMEK1,0
HIST2H4B,0
ZBP1,0
MYO9A,0
MSH6,0
TSN,0
CTD-2369P2.12,0
SLC18A2,0
MED11,0
ANO9,0
CDCA4,0
PDCD10,0
RP11-1035H13.3,0
ARL4A,0
TRBV19,0
SLC26A6,0
CREG1,0
CEP57L1,0
IRF2,0
KANSL1,0
SNX8,0
RRAS2,0
ADH5,0
TMEM19,0
WASL,0
CAMKMT,0
HDAC6,0
GCSAM,0
CEP128,0
PTGES3,0
UTP23,0
LILRB2,0
EAF1,0
TP53I11,0
ACAT2,0
TMEM201,0
GHITM,0
LY6G5B,0
RBPJ,0
TTLL3,0
WDR26,0
CLN8,0
UBXN4,0
CARD16,0
KLHDC3,0
PARP16,0
CISD3,0
DIP2B,0
COX15,0
COX6A1P2,0
ZNF559,0
EXOC1,0
ZFP30,0
SOD2,0
ZNF821,0
MYL12A,0
COL4A3BP,0
QSER1,0
TGFBR3,0
CXorf57,0
PMVK,0
SLC2A14,0
FIP1L1,0
ALG11,0
WDR76,0
TENM1,0
TRAPPC2P1,0
LGALS3BP,0
PUSL1,0
NOP16,0
NTRK1,0
ZCCHC11,0
PRMT7,0
EME2,0
THBD,0
ATXN10,0
PAFAH1B2,0
UBE2M,0
ZRSR2,0
HEATR3,0
MBOAT7,0
FSCN1,0
DHODH,0
BCOR,0
NUP188,0
TMEM120A,0
ZNF41,0
DOCK2,0
TEX10,0
PLXNA1,0
CORO1C,0
CYBB,0
F13A1,0
TUBB2B,0
CCDC53,0
ERC1,0
NBEAL2,0
POLG2,0
PRKCSH,0
SLC44A1,0
HNRNPUL1,0
GSK3B,0
LILRA2,0
SIPA1L3,0
JAK3,0
SEPHS2,0
RAD54L,0
SASS6,0
DENND6B,0
DERA,0
MCOLN2,0
PHYH,0
XRCC6BP1,0
EFR3A,0
CHML,0
CDK5RAP1,0
FAM114A2,0
PPAN,0
ATMIN,0
PSMC3,0
BPTF,0
SUPT3H,0
STK38,0
MTERFD3,0
TOB1,0
ZKSCAN5,0
SMIM20,0
ZNF2,0
PRDX4,0
RBAK,0
PCNA,0
RBBP5,0
GLUD1,0
PTAFR,0
FOXJ3,0
SRBD1,0
MED22,0
SMIM19,0
COG8,0
TNF,0
FAM122C,0
VPS37C,0
BBX,0
KAT5,0
STK36,0
ZNF562,0
REPIN1,0
POLR1C,0
RBM26,0
ZNF383,0
KCTD13,0
MICB,0
AGPS,0
SUSD1,0
SEC23A,0
CLK4,0
NPRL3,0
ACTR8,0
ADAM19,0
TMEM38B,0
TBC1D32,0
POU2F2,0
WSB2,0
MINPP1,0
AGAP2,0
RC3H2,0
AP5M1,0
ZNF28,0
LDOC1L,0
TRAM2,0
LMBRD2,0
ZCCHC8,0
MEN1,0
ZNF595,0
SLC30A4,0
CD22,0
CEP192,0
RAP1B,0
GTF2A1,0
BACH1,0
SPIDR,0
C2CD2L,0
METTL18,0
ZNF10,0
ITCH,0
SLC23A1,0
ZNF880,0
LAS1L,0
TMEM254,0
ZNF692,0
N4BP2L1,0
KMO,0
ZNF689,0
ARSG,0
DHX58,0
POR,0
OSGIN2,0
MSH3,0
NR2C1,0
CD226,0
ABHD13,0
NLRP1,0
UPK3BL,0
HIBCH,0
SMIM12,0
PDSS1,0
BRF1,0
NCOA7,0
KIR2DL4,0
PQLC3,0
CLCN6,0
DERL3,0
HAUS1,0
EIF2B4,0
C1GALT1,0
LRRFIP2,0
PAM,0
FAM45A,0
DHRS7B,0
MED25,0
HTT,0
DNAJC11,0
SLC27A2,0
CSF2RB,0
WDFY4,0
ILK,0
AP4M1,0
ABCB7,0
MPV17L2,0
ADAL,0
SKA1,0
GCLC,0
HEBP2,0
PHLDA2,0
IFNAR1,0
TNRC6C,0
ZNF268,0
POLD3,0
DNAJC27,0
TM6SF1,0
AGPAT5,0
KLRC1,0
LARS,0
GPATCH2,0
TRMT6,0
PTTG1,0
GBAS,0
CNNM4,0
KIAA1919,0
LIG4,0
RECQL5,0
HDDC3,0
ACTR3B,0
ZNF76,0
TBL3,0
MAN2A1,0
RAB5B,0
C11orf73,0
SDF2L1,0
DUSP22,0
RAB43,0
SLC38A7,0
LZTFL1,0
DGKD,0
CDKN2AIPNL,0
DFNB31,0
ARHGAP21,0
KDELC2,0
ATG4D,0
MYBL1,0
ADORA2A,0
TSPAN2,0
ANGEL2,0
FECH,0
ZNF780B,0
ZNF224,0
NTMT1,0
PLEKHA2,0
SOS2,0
CHP1,0
ZNF621,0
DNAJC7,0
TXK,0
SLC25A12,0
POLR2J3,0
PYGB,0
TMPRSS3,0
TRMT13,0
CDKL1,0
CTC-349C3.1,0
ADRM1,0
SIGMAR1,0
C9orf38,0
CDC45,0
PSMG1,0
LETMD1,0
CD151,0
STX16-NPEPL1,0
LOXL3,0
RP11-321N4.5,0
WDR34,0
ZNF714,0
HSCB,0
CAMK1D,0
MBIP,0
FABP5,0
MROH7-TTC4,0
MEGF9,0
KIAA0319L,0
CCDC14,0
FAM104A,0
CD300E,0
DPP9,0
TOPORS,0
ZNF626,0
MUL1,0
TBC1D8B,0
MFSD8,0
RINT1,0
DCUN1D5,0
STAG2,0
ZNF286B,0
JAGN1,0
KIFAP3,0
RNF181,0
CLIC4,0
SNX14,0
POLB,0
HGS,0
TMEM64,0
SAP25,0
IPO9,0
ARRDC3,0
KIAA1683,0
RAP1GDS1,0
MAPKBP1,0
ALDH6A1,0
YOD1,0
FUK,0
PPP2R3C,0
LRRC8D,0
TXNRD2,0
DNAJA1,0
MESDC2,0
AHCY,0
ARMC2,0
RNGTT,0
MAPK9,0
LEAP2,0
TM9SF4,0
PRKAB2,0
YKT6,0
LIN7C,0
GNLY,0
TMEM80,0
TRIM21,0
RNF8,0
MPDU1,0
GEN1,0
WDR91,0
TSC1,0
HAUS7,0
ISYNA1,0
PPCS,0
TFDP1,0
TCERG1,0
CYHR1,0
DAK,0
ARL17A,0
TCF7,0
GTF2E1,0
ZNF586,0
COMMD6,0
CAD,0
LONRF3,0
CLTA,0
FAM210A,0
RNPEP,0
AK4,0
USP14,0
ORMDL2,0
TMEM60,0
TRAPPC12,0
KIAA1586,0
RP11-762I7.5,0
METTL9,0
PLP2,0
C5orf63,0
TWF2,0
ZNF525,0
UAP1,0
RNF13,0
RSU1,0
TMEM91,0
ETHE1,0
ZBTB49,0
CDK10,0
EMC1,0
C4orf21,0
SMPD4,0
OSCAR,0
MIER3,0
CASZ1,0
BLOC1S4,0
NPIPA2,0
NEU3,0
LAMTOR5,0
CYSLTR1,0
TTC17,0
KIAA1191,0
GLOD4,0
MYO19,0
FAM211A,0
GCSH,0
PRR3,0
FBXL4,0
SLC35A2,0
TMEM208,0
ZBTB43,0
LRRK2,0
AMT,0
P2RY14,0
SHQ1,0
VMAC,0
CFDP1,0
FHL3,0
SNRPA1,0
ZHX3,0
SGPP2,0
VGLL4,0
PLEKHO1,0
CKAP2L,0
PRKAR1B,0
RGS2,0
LRRC58,0
ZNF131,0
NDUFB1,0
LIMK1,0
A2M,0
RSF1,0
EIF4E3,0
HN1L,0
ERCC6,0
ZNF652,0
ARAP1,0
TNK2,0
RABL5,0
AMMECR1,0
GTSE1,0
SRSF2,0
GMDS,0
SLC35B2,0
ERCC6-PGBD3,0
MLXIP,0
ELOVL5,0
CASC4,0
EMR2,0
BBS9,0
ACSS1,0
ZDHHC20,0
FAM117A,0
SCAMP1,0
ZEB1,0
CD80,0
SCYL2,0
JKAMP,0
SF3B5,0
TFDP2,0
SMARCB1,0
FBXO33,0
C2CD2,0
ZNF33A,0
HIST1H4C,0
INSIG1,0
PRDM15,0
ZNF699,0
RP11-45M22.4,0
AGPAT4,0
GATAD2A,0
BX255923.1,0
CRTAP,0
DEPDC1B,0
ARHGEF19,0
PDCD2,0
PLIN3,0
LRIG2,0
BRD8,0
COQ10A,0
PSEN1,0
RP11-96O20.4,0
ARHGAP18,0
FCER2,0
NFKBIB,0
ANAPC15,0
NFIA,0
TRIT1,0
TDRKH,0
PIGL,0
FBXL12,0
MUT,0
FAM110A,0
RPP21,0
PVR,0
BAG4,0
SPDYE2B,0
FGFBP2,0
CPNE8,0
ZRSR1,0
OAT,0
DGCR6L,0
DEK,0
SEMA4C,0
RWDD4,0
CYP2S1,0
TIMM17B,0
CTD-2228K2.5,0
ABTB2,0
NUDT14,0
GRWD1,0
JUP,0
ZCRB1,0
GNB2,0
DDX50,0
PPP1R12B,0
CCDC59,0
PIK3C2A,0
TCF7L2,0
SLC31A2,0
TRGC1,0
NTNG2,0
RASSF2,0
IL2RG,0
MBNL1,0
CYB561,0
PARVB,0
XYLT1,0
SELO,0
TMEM222,0
TRAF1,0
ATAD3B,0
OBSCN,0
CEP170,0
PLEKHM2,0
IPPK,0
PNMA1,0
RUSC1,0
SH3BP5,0
FZD6,0
MFN1,0
TMEM167B,0
UHRF1BP1L,0
ATP6V1E1,0
SEC31B,0
TMEM194A,0
RARS2,0
GSG2,0
FAIM3,0
SSRP1,0
POLD4,0
MED12,0
TNFSF10,0
SLC25A16,0
JDP2,0
CDC20,0
EDC3,0
TNFSF13,0
HAUS3,0
DIABLO,0
QPCT,0
MCTP1,0
SLC25A53,0
CDPF1,0
UCHL3,0
GALK2,0
FAM169A,0
TICAM1,0
ADARB2,0
ASAP1,0
NRBF2,0
UQCRH,0
TMEM52B,0
FAM73A,0
CDK5,0
MSMO1,0
SKP2,0
SLC25A24,0
MX2,0
CDK11A,0
MAP1LC3A,0
CDCA7,0
KLHL20,0
KIAA0907,0
CD72,0
MIB2,0
ZNF143,0
DPY30,0
MPI,0
ACSF2,0
FLII,0
HILPDA,0
TMEM86B,0
ITGAV,0
FDX1,0
COX6B1,0
SET,0
DDX27,0
UBE3A,0
PHF17,0
ZNF384,0
PIGQ,0
TADA3,0
TRIM28,0
SMG7,0
SLC52A2,0
MICALL1,0
LMF2,0
CLPTM1L,0
LSM12,0
SLC41A1,0
CPED1,0
AIMP2,0
GSS,0
OCEL1,0
NCDN,0
FAM35A,0
RRP9,0
FAM212B,0
DUSP12,0
KAT2B,0
CPPED1,0
CNOT10,0
ZNF683,0
NDUFS5,0
PRKCA,0
AREL1,0
STRAP,0
ZNF839,0
ZNF543,0
LAMP1,0
PDE6B,0
ACAD11,0
KLHL25,0
VPS52,0
TMEM68,0
SNED1,0
MEF2A,0
FAM118A,0
AIFM1,0
ZNF577,0
SART3,0
PPP1R7,0
TNFSF13B,0
TRAPPC6A,0
RTP4,0
VCAN,0
SLX1B,0
PGBD2,0
TFB1M,0
APBB3,0
TP53RK,0
PRDM10,0
RERE,0
TRDV1,0
PAXIP1-AS2,0
CNOT6,0
MOB1B,0
TMEM184C,0
PPP2R1B,0
EVA1C,0
POMZP3,0
DYNLRB1,0
XRN2,0
RASGRP3,0
KIF15,0
CMPK2,0
SLC25A44,0
PYROXD1,0
CUEDC2,0
UTP11L,0
ALKBH3,0
SMN1,0
MZF1,0
RAB4B,0
SEMA4D,0
ADAM17,0
ZNF561,0
NFS1,0
NCEH1,0
NIPA1,0
PTGER2,0
ARHGEF3,0
C19orf12,0
TMEM67,0
COPS5,0
PRKRIR,0
PEPD,0
CALU,0
UPK3B,0
ZNF549,0
HOXB2,0
PKP4,0
CDK2AP1,0
APPL2,0
GCHFR,0
ARL15,0
SPAG5,0
PSMG2,0
MPP6,0
RORA,0
SLC25A13,0
ZBTB40,0
PRR13,0
CNPY3,0
SMC2,0
ATG7,0
PLIN2,0
WDR24,0
SP110,0
GTF2F2,0
CTD-2547L24.3,0
SETD3,0
PTAR1,0
MIS12,0
RP11-383H13.1,0
AUH,0
ZNF253,0
RPA3,0
SHOC2,0
EXOSC5,0
CAND1,0
RPA2,0
SFT2D1,0
TCTN3,0
SUMO3,0
VAMP4,0
ADNP,0
TRDC,0
CLEC2D,0
UBE2NL,0
C7orf73,0
TPP2,0
PSMC2,0
MAP7D1,0
PACS2,0
TMEM101,0
TRAPPC5,0
MTERFD2,0
ZNF184,0
PDK2,0
GZF1,0
TMEM183A,0
TIMM9,0
SP2,0
ASH2L,0
ARRDC2,0
ZBED1,0
PRDM2,0
CSF1,0
MTHFSD,0
SLC39A4,0
QKI,0
STAT6,0
CD320,0
TRAC,0
EMC3,0
SMAGP,0
EXD3,0
ASCC3,0
WHSC1,0
ASPM,0
C9orf72,0
STXBP4,0
TIMP1,0
CDIP1,0
CTNNA1,0
GRIP1,0
MYCBP2,0
PSMB3,0
TMEM69,0
TMEM251,0
ESD,0
FANCD2,0
CCR8,0
C16orf91,0
RAP1A,0
F5,0
GIPC1,0
TBC1D8,0
CEACAM21,0
MED4,0
CTSS,0
CMAS,0
EML3,0
NDUFAF1,0
PLA2G6,0
CARS,0
PPIP5K1,0
FAM195A,0
TBC1D2,0
IL27RA,0
PUM1,0
VTA1,0
CBWD7,0
XRCC3,0
DBNDD2,0
TPMT,0
P2RY11,0
TCEAL4,0
DOLPP1,0
INPP5F,0
RCN1,0
TIMP2,0
NANS,0
RAB11FIP2,0
TSNAX,0
EPB41L2,0
TAF5L,0
SLC25A32,0
LLGL1,0
CDK7,0
THAP11,0
NR1D2,0
TYW3,0
TOMM40,0
TK2,0
HIST1H3G,0
ZNF581,0
PAPD7,0
SYF2,0
COX5A,0
RHD,0
TSPYL4,0
SLA2,0
PUS10,0
NUCB1,0
THEMIS,0
ADNP2,0
TDRD3,0
GAR1,0
DFFB,0
PLAU,0
GGNBP2,0
TM2D3,0
UBE2L3,0
KPNA4,0
AP1M1,0
GPANK1,0
CHUK,0
BEST1,0
NPC2,0
GPR107,0
ABHD4,0
TMEM104,0
PIP5K1C,0
UBL3,0
TCF4,0
WBP1,0
NUP43,0
MPEG1,0
EHD1,0
SRP54,0
CCDC138,0
COL19A1,0
CPNE5,0
CPM,0
CES2,0
ATAD3A,0
JRKL,0
IRAK3,0
TUBE1,0
TINF2,0
ANKRD39,0
SPECC1L,0
FIGNL1,0
CEP89,0
CYP4V2,0
CD276,0
ARL13B,0
CYB5D1,0
ARNTL,0
PHLDB1,0
GNE,0
SLC39A11,0
MORC4,0
PSMB6,0
KATNAL1,0
CETN2,0
CCDC125,0
KIAA0141,0
CTC-554D6.1,0
TRANK1,0
FAM174A,0
IP6K1,0
PSMC4,0
ZBTB11,0
BAG1,0
CHM,0
KIAA1429,0
ARF6,0
NAF1,0
ARL6IP6,0
THEM4,0
OPTN,0
NHEJ1,0
NOP14,0
ZNF136,0
RP11-849F2.7,0
TOMM5,0
LBH,0
FDX1L,0
HMGA1,0
IFI27L2,0
NAPRT1,0
ETAA1,0
SLC23A2,0
ZNF282,0
TSSC1,0
EFTUD2,0
HIST1H2BG,0
TRBV4-2,0
ABCA5,0
MLLT3,0
ZMAT1,0
LMO4,0
NAA60,0
NUCKS1,0
APC,0
DDX20,0
TRMT2A,0
ATG4C,0
HNRNPD,0
ZDHHC6,0
SMIM7,0
SAMD3,0
ZBTB9,0
BCR,0
TXNDC12,0
MMD,0
CD27,0
ENTPD7,0
SLC25A14,0
CDK16,0
DAPK3,0
BRWD1,0
EBAG9,0
AGFG1,0
PNKP,0
TNFSF12,0
FBXO42,0
CNPY4,0
ATP2C1,0
LENG9,0
IKBKAP,0
KPNB1,0
USP38,0
SLC8A1,0
FAM50B,0
HS1BP3,0
TSEN2,0
UBE2G1,0
CEP68,0
TPRA1,0
TRIM27,0
DNAAF1,0
ANKRD52,0
YIF1A,0
GATC,0
CDK1,0
CTPS1,0
KLRB1,0
NCAPG2,0
ELMOD2,0
FCHSD1,0
TMEM55B,0
MTHFS,0
CBY1,0
VHL,0
PI4K2B,0
OSBPL5,0
TELO2,0
WBSCR16,0
PLXDC2,0
AURKB,0
CSNK1E,0
CD302,0
ZNF248,0
DEAF1,0
RTF1,0
SLC41A3,0
PEX1,0
ISG20L2,0
B4GALT5,0
DLEU1,0
PTPRM,0
TOB2,0
ZNF259,0
TM9SF2,0
ARPC1A,0
EIF2S1,0
EXOC7,0
LAT,0
EXOC6B,0
UTP3,0
UBE2E3,0
LRP5L,0
PLGLB2,0
KRTCAP2,0
YTHDF3,0
MOB3B,0
ANXA2R,0
RFC5,0
EMC8,0
SPI1,0
WDR46,0
ASB1,0
GSAP,0
PRADC1,0
DAB2,0
CTSK,0
ALG12,0
EEF1E1,0
WDR3,0
KPNA3,0
ELP6,0
FAM3A,0
C19orf70,0
UPF2,0
DHCR24,0
HIST1H2AC,0
GPSM2,0
TBC1D24,0
TMEM186,0
ZBTB37,0
CTD-2192J16.22,0
THOC3,0
PHTF2,0
ATRAID,0
RASGEF1A,0
RFNG,0
RUNX1,0
MPP1,0
BLVRA,0
NPIPB9,0
CPNE2,0
NPTN,0
WIPI1,0
LGALS9C,0
IGHV1-8,0
ZDHHC7,0
HIST1H2BF,0
YARS2,0
MCEE,0
LPCAT2,0
DNAJC24,0
TMEM184B,0
RDH13,0
SGCB,0
NUSAP1,0
ALDH16A1,0
ZDHHC3,0
DGCR14,0
ATAD1,0
CMTR2,0
NUDT17,0
VDAC1,0
MAPRE2,0
LAMP2,0
CCZ1B,0
MALSU1,0
MTMR9,0
SNRNP48,0
PIAS1,0
KIAA0753,0
ANAPC1,0
SPAG7,0
ABCD4,0
SLC25A51,0
FPR3,0
GIMAP8,0
PDLIM5,0
LYRM5,0
OSBPL10,0
RP11-438J1.1,0
FARSB,0
ZDHHC24,0
PRKCD,0
FOXP4,0
GNAQ,0
TMEM185A,0
MPV17,0
WDR5,0
EDARADD,0
ZNF91,0
LIMA1,0
CDC37L1,0
RPF2,0
CYB561D1,0
DNAAF2,0
MICAL1,0
C21orf91,0
URM1,0
EFCAB13,0
E2F4,0
PPHLN1,0
TSC22D1,0
SCRN3,0
SELPLG,0
SIRT7,0
SORT1,0
HDAC8,0
PLEKHA5,0
FAM188A,0
SF3B14,0
WDFY3,0
SLC39A13,0
MBTD1,0
PPT2-EGFL8,0
TBX21,0
C12orf10,0
CAMLG,0
ASAH1,0
PTPN12,0
HIST1H2BD,0
SDK2,0
ATP6V1H,0
TDG,0
MTCP1,0
REC8,0
TIMM10B,0
NSA2,0
FBXL3,0
UBE2E2,0
NDEL1,0
ORAOV1,0
NDUFB7,0
NDUFS6,0
RTN4IP1,0
CDCA8,0
KCTD5,0
VPS53,0
SERPINB6,0
GPR56,0
RAB11A,0
USP18,0
ZNF567,0
WDR35,0
ZNF829,0
DDX59,0
CSTF1,0
GPHN,0
WDR36,0
CDKN2C,0
PA2G4,0
NUB1,0
FAM117B,0
SLC38A9,0
MB21D1,0
STMN1,0
TAF1B,0
CARD11,0
CAPN1,0
FOXO1,0
TBK1,0
AL022328.1,0
EBPL,0
PEX10,0
LACE1,0
ATP6V0A1,0
DUSP3,0
IMPACT,0
CHMP1B,0
JAKMIP1,0
TMPPE,0
LPAR6,0
MFSD1,0
POP1,0
ALAS1,0
RNF126,0
SRPRB,0
EIF2AK3,0
ZNF394,0
ZBTB8OS,0
NPRL2,0
CTNNBL1,0
IGJ,0
STXBP5,0
CX3CR1,0
SEC24D,0
SNRNP35,0
ST3GAL6,0
PEA15,0
MKS1,0
SCMH1,0
FAM129C,0
GLUD2,0
RAB37,0
MCRS1,0
UBE2H,0
CDAN1,0
NDOR1,0
HK3,0
HMBS,0
ABHD15,0
NIPSNAP1,0
RBM17,0
DCP2,0
FCF1,0
EOGT,0
ARRDC1,0
MTCH1,0
TTC24,0
IL9R,0
HMMR,0
CCT6A,0
AGPAT2,0
RASA4B,0
QSOX1,0
ZNF263,0
PLEKHM1,0
QDPR,0
ZFAND1,0
TPST2,0
ITSN2,0
LRRCC1,0
ZNF330,0
NKAP,0
ZDHHC21,0
CCDC23,0
DNAJC13,0
FAM134C,0
ALOX5AP,0
C11orf1,0
CALCOCO2,0
DUSP10,0
CHCHD7,0
TTC27,0
ZMAT2,0
OAS2,0
EHD3,0
POLE,0
VAMP1,0
SLC12A2,0
TSPAN17,0
ATP6V1A,0
IGHM,0
KRR1,0
JMY,0
CLTC,0
PPM1B,0
OGFRL1,0
FAM214B,0
CCDC142,0
CHURC1-FNTB,0
BBIP1,0
KCTD18,0
ZNF426,0
PEX14,0
LCORL,0
HAUS8,0
GATSL3,0
SMYD4,0
SCYL3,0
NUTM2B,0
THBS3,0
IFNGR2,0
NOP9,0
GATAD2B,0
RBMX2,0
SPDYA,0
AL353354.2,0
SLC39A9,0
GAS7,0
PSMF1,0
SNX27,0
TANC2,0
POLQ,0
RELA,0
ACSF3,0
C14orf80,0
AGA,0
MDN1,0
ST8SIA1,0
TMEM128,0
ZNF410,0
CCNL1,0
EXTL3,0
KIF21B,0
ATG5,0
THEMIS2,0
UVRAG,0
PHF8,0
OPA1,0
ATXN7L3,0
PTPN11,0
SDR39U1,0
AVL9,0
GALK1,0
STARD8,0
GADD45A,0
HK1,0
SIK2,0
DHX57,0
IQCB1,0
HSPE1,0
MAN1B1,0
MIS18A,0
C14orf93,0
ADAMTSL4,0
DGCR8,0
SEC22C,0
AGBL5,0
CD70,0
C14orf37,0
UBR2,0
DONSON,0
C1orf109,0
NGFRAP1,0
ACPL2,0
DIS3,0
SGK223,0
ACLY,0
USP53,0
SLC9A1,0
COX17,0
ZCCHC6,0
CDK9,0
VRK2,0
ATF7,0
ZNF430,0
TP53,0
C19orf44,0
SLC35A3,0
PIAS2,0
ITGA1,0
NOTCH1,0
SLC30A1,0
MIER2,0
GNG7,0
C19orf38,0
GSTT1,0
GALM,0
COX8A,0
COA6,0
SH2D3A,0
SLC2A6,0
SPIN1,0
PRKRIP1,0
CTC-260F20.3,0
NCOA1,0
POLR3D,0
H1F0,0
CYB5R1,0
BAZ2B,0
SDHB,0
MSH2,0
NUDC,0
MTAP,0
ST6GALNAC2,0
ZNF281,0
UBE2N,0
STX2,0
ABI3,0
GPATCH1,0
DDAH2,0
TMEM234,0
CBWD3,0
SARS2,0
SCAF1,0
KIAA0101,0
WBP1L,0
CAMK1,0
FUZ,0
EEPD1,0
CPEB4,0
GBGT1,0
RHOT2,0
MEAF6,0
EOMES,0
WBP5,0
FBXO7,0
RWDD3,0
ANGEL1,0
METTL4,0
TRIM59,0
ACTR3C,0
EIF2D,0
RAB11FIP3,0
CIAPIN1,0
NAA16,0
UBE2Q2,0
CDK5RAP2,0
RHOBTB2,0
MIIP,0
BBS2,0
TYW5,0
SNX29,0
TICAM2,0
HIST1H1C,0
IDNK,0
CLEC5A,0
DHX35,0
NDRG3,0
HSD17B10,0
MCC,0
ARHGAP12,0
TTC37,0
VAV1,0
GPR65,0
APOC1,0
RP11-529K1.3,0
IKZF2,0
TBC1D13,0
TIGIT,0
SSSCA1,0
CYB5D2,0
SLC9A8,0
LTB4R,0
BRPF1,0
CAPN3,0
VSIG10,0
TRIM25,0
FAM46C,0
CTRL,0
GLTSCR1,0
CORO1B,0
FCGRT,0
LAG3,0
TSFM,0
FCN1,0
NDUFS3,0
IFI27L1,0
RWDD1,0
ABHD12,0
DAPK1,0
DCAF10,0
FLVCR1,0
SBF1,0
SLC39A14,0
C15orf39,0
UHMK1,0
SMARCA4,0
PEAK1,0
TIAL1,0
MT1X,0
CREBRF,0
CNOT7,0
SPRYD4,0
RABEPK,0
SMYD2,0
GABARAPL2,0
ZNF420,0
CNNM3,0
LRCH1,0
SNRPD3,0
CXorf40A,0
MYC,0
SOGA1,0
EXOSC6,0
PHPT1,0
USP28,0
FBXO3,0
SAMD4B,0
CNTROB,0
NIP7,0
NFIC,0
ZNF585B,0
PIN1,0
ZNF808,0
CSTF2T,0
FAM8A1,0
ELP5,0
FYCO1,0
ITGA6,0
IBA57,0
HEXB,0
C1orf50,0
ACAT1,0
MAP2K7,0
GAS6,0
GNA13,0
GMNN,0
U2SURP,0
MYO15B,0
XRCC1,0
GK5,0
GSK3A,0
MTPAP,0
RNF214,0
ZCCHC4,0
CDC34,0
ING5,0
MRRF,0
RAB39B,0
TAOK3,0
RCBTB2,0
TUBB,0
AC024592.12,0
C1orf123,0
BBS4,0
RP11-302M6.4,0
ALDH2,0
TMEM62,0
DARS,0
ZSWIM1,0
HMGB1,0
C14orf64,0
HVCN1,0
VPS28,0
GSTO2,0
HIRIP3,0
ATHL1,0
BTN2A1,0
STRN4,0
SNTB1,0
RCOR1,0
METTL14,0
ATP7A,0
PPP2R2A,0
PTPRE,0
ADAP1,0
DUSP8,0
PML,0
TOMM20,0
PSMD10,0
MED9,0
ICAM2,0
IFI35,0
TCEAL3,0
CD81,0
RAP2A,0
ARFRP1,0
FAF1,0
AFAP1,0
MGME1,0
ZNF573,0
BAHD1,0
MR1,0
FDXR,0
CCDC92,0
EFNA4,0
MSH5-SAPCD1,0
FAM196B,0
SESTD1,0
TPCN1,0
PIEZO1,0
STYXL1,0
NEB,0
HNRNPA1L2,0
G0S2,0
ZC3H6,0
FAM76B,0
CCNY,0
ZNF174,0
GALNT7,0
ASUN,0
PIK3R5,0
FANCL,0
CTD-2260A17.2,0
SLC2A4RG,0
PDP1,0
TRPM7,0
ADCK5,0
CHCHD10,0
DTL,0
PCYOX1,0
AMICA1,0
LZTS2,0
CRY2,0
PCM1,0
NEK7,0
MCAT,0
NACA2,0
NET1,0
PSMD7,0
RFC2,0
FBXW8,0
LRP2BP,0
ZFX,0
RFK,0
GOLGA4,0
NUP62,0
FBXO4,0
TRIM16,0
ZNF286A,0
ANAPC16,0
ZNF250,0
XKR8,0
LATS1,0
TNFAIP8L2,0
ISOC2,0
GAA,0
MCM3,0
HNRNPA2B1,0
BCL11B,0
TMA16,0
AIP,0
YAF2,0
LMCD1,0
AC013449.1,0
TDRD7,0
ZNF446,0
LDB1,0
NXPE3,0
GLRX,0
GLRX2,0
ASB6,0
CCNF,0
PSMD1,0
JOSD2,0
TMEM70,0
HK2,0
LIMD1,0
FGGY,0
C12orf75,0
CCR1,0
SP1,0
SLC29A3,0
SHPRH,0
TSR1,0
HMGCL,0
C10orf76,0
CLN5,0
CADM1,0
SPINT2,0
TRIP4,0
TRIP11,0
FBLN7,0
VEZF1,0
SEC22A,0
TESK1,0
DDX52,0
ANKS1A,0
YIPF2,0
PIK3C2B,0
AQP3,0
CYB5A,0
SMIM15,0
C1orf216,0
ZNF124,0
COPS8,0
PMAIP1,0
CDIPT,0
C4orf27,0
HARS,0
TIAM2,0
SLC25A22,0
TROVE2,0
POLD1,0
ERI3,0
GPKOW,0
CBWD1,0
XYLT2,0
SPATA2,0
PKMYT1,0
STAB1,0
PPP1R35,0
NDUFV1,0
FAM115A,0
ANKRD46,0
KLRC4,0
C1orf54,0
C5AR1,0
EIF2B3,0
ZNF417,0
XRRA1,0
IFIT3,0
HINT2,0
MLEC,0
ATP9B,0
ITPR1,0
ZNF93,0
SLC27A1,0
FGFR1OP2,0
USP20,0
ATP6V0C,0
APEX2,0
ZNF451,0
GTSF1,0
MXD3,0
FAR1,0
BCAP31,0
IFI30,0
CHD1L,0
RNMTL1,0
ARRB1,0
BACH2,0
TRAV12-3,0
DPP4,0
HIST1H4J,0
CDC23,0
KLHL2,0
NTHL1,0
SCYL1,0
LMBR1,0
UTP18,0
SNRNP25,0
HS2ST1,0
CSNK2A2,0
STRADA,0
ANAPC10,0
MIB1,0
EZH2,0
NAA15,0
KLHL5,0
CMC4,0
MED26,0
MPV17L,0
PLRG1,0
ARHGAP10,0
WDR90,0
MSRB1,0
TBC1D31,0
LZIC,0
RP11-468E2.4,0
GGA2,0
MX1,0
SLC25A25,0
MATR3,0
TUBG2,0
TUBG1,0
FAM156A,0
TARS2,0
COX19,0
PTOV1,0
MESDC1,0
NAALADL1,0
FAHD2B,0
ICA1,0
MON1A,0
KIF24,0
TIMM8B,0
TMEM134,0
ERV3-1,0
CARD9,0
EDEM3,0
HIST1H4E,0
IL12RB2,0
FAM172A,0
CEP95,0
ZNF516,0
EDC4,0
ZFPL1,0
TCF19,0
MYH10,0
ATP11C,0
ECHDC2,0
COPS2,0
WDR55,0
EIF2AK2,0
AGAP3,0
IFIH1,0
NCOA6,0
MTMR3,0
SCO2,0
KBTBD8,0
MTMR4,0
NAMPT,0
TSPAN32,0
PQLC1,0
RBM4B,0
FAM214A,0
CXorf65,0
CCDC18,0
H2AFX,0
HLA-DMB,0
THAP1,0
FAHD2A,0
RECQL,0
PTBP3,0
CTSH,0
ATR,0
PITPNA,0
KLC1,0
SUPT16H,0
THOP1,0
PTCH1,0
NUP85,0
TTF2,0
TM9SF1,0
PRAM1,0
QTRTD1,0
ASXL2,0
PRKAA1,0
EIF2B2,0
RHOB,0
SUFU,0
MARCO,0
DDX41,0
COIL,0
PRR11,0
NPEPL1,0
TROAP,0
PELO,0
SNAPC1,0
TMEM9,0
SLC4A8,0
XIAP,0
ACOT13,0
HSPBP1,0
C12orf44,0
MED10,0
ELP2,0
ZFP91,0
BTK,0
CSGALNACT2,0
ATG9A,0
CCNB2,0
STIM2,0
ARHGAP11A,0
POLR1E,0
NPIPA8,0
FBXO32,0
EIF4G1,0
ZRANB1,0
WNK1,0
NF2,0
SECISBP2L,0
DCAF17,0
CNP,0
MAFF,0
MED31,0
BICD2,0
METTL1,0
SLC18B1,0
MATK,0
SCLY,0
ACAA1,0
UBXN7,0
MTF1,0
PTPN6,0
COPS3,0
ARSB,0
MROH1,0
IL18R1,0
NUBPL,0
IGHA2,0
SUMF2,0
GET4,0
CNTRL,0
ZNF473,0
SURF6,0
SLX4,0
MED14,0
FZD3,0
PRPF39,0
ERN1,0
CYTH4,0
CARS2,0
SLC25A26,0
PRMT10,0
CDCA3,0
PRPF4,0
ETF1,0
FAM50A,0
EGR2,0
KIAA0226,0
C1orf122,0
ZBTB21,0
ZNF207,0
IFIT2,0
EIF1B,0
USP19,0
CXorf23,0
FCHO2,0
DNAL4,0
GLIPR2,0
DPH6,0
BCL2A1,0
ASB8,0
ITPA,0
TRIM32,0
MPLKIP,0
SLC39A1,0
ANKS1B,0
ATP5G3,0
SRSF9,0
GPATCH3,0
SETD5,0
NAPB,0
SCAI,0
CEP72,0
RRS1,0
PDXK,0
SOCS3,0
KIAA1731,0
NPIPB15,0
COX20,0
DBR1,0
NDUFAB1,0
SDHD,0
ZNF557,0
MTMR6,0
FOXK2,0
PFKM,0
TRGV10,0
UNC93B1,0
HDAC7,0
LRR1,0
ZADH2,0
SNUPN,0
LCOR,0
STX11,0
USF1,0
MMP19,0
EIF2B1,0
PJA2,0
AGAP6,0
NDC80,0
PSD,0
SMIM11,0
CHAF1A,0
GIMAP2,0
FAR2,0
NFATC3,0
DDX19A,0
BID,0
MPST,0
ABCF1,0
TOMM6,0
SLFN5,0
IGHG1,0
PARP2,0
IQCE,0
RAB5A,0
TXNRD1,0
SLC39A10,0
RP11-159D12.5,0
ALKBH8,0
IGFBP7,0
RPP14,0
GPR171,0
RNF111,0
PSMB1,0
ABI1,0
STAMBPL1,0
CTBP2,0
IKBKG,0
PCBP4,0
PRMT2,0
NOL9,0
TSPO,0
ADRBK1,0
CDK5RAP3,0
C15orf38-AP3S2,0
SENP5,0
NEDD1,0
PXN,0
FRYL,0
BRE,0
HIRA,0
TOMM40L,0
ZBTB17,0
WRAP53,0
AREGB,0
CCDC122,0
WDR53,0
CCDC144A,0
ADAT1,0
FBXL5,0
MAP7D3,0
PPTC7,0
OSER1,0
CSK,0
OXNAD1,0
LIMK2,0
SLC25A36,0
SCNM1,0
TMEM55A,0
SSBP2,0
RNF5,0
FBXO44,0
C17orf70,0
COG2,0
AC137932.1,0
CNOT1,0
C5orf28,0
POMC,0
FAM103A1,0
ANKRD42,0
BFAR,0
KLC2,0
TASP1,0
TOR1AIP2,0
ATP1B3,0
ACN9,0
POP7,0
SLC2A3,0
ARHGAP5,0
VKORC1L1,0
CD82,0
ZNF182,0
ATP6V1C2,0
NOC4L,0
AIFM2,0
TBPL1,0
FCRL6,0
CC2D1B,0
PHF12,0
CYB5R4,0
LRPAP1,0
KCTD12,0
FOXN3,0
H3F3C,0
ARG2,0
SLC46A1,0
ANKRD23,0
KIAA1598,0
CFP,0
LIN37,0
NFYA,0
MSL2,0
VEZT,0
CYLD,0
APP,0
SMC4,0
TMEM127,0
PCNXL4,0
HIBADH,0
BLNK,0
SAMD1,0
NOL8,0
ENTPD5,0
SMTN,0
COASY,0
ARMC10,0
SLC19A1,0
CDK19,0
GPR132,0
RMND1,0
DCLRE1B,0
SAAL1,0
PDE4D,0
PPP2R5D,0
AFF4,0
INSL3,0
FKBP4,0
NFX1,0
KLF3,0
AIM2,0
HIST1H2BK,0
ACAD8,0
ATL2,0
TMEM87A,0
ANKIB1,0
CEP152,0
CDYL2,0
CEP57,0
MSR1,0
LMAN2L,0
ARMC6,0
PHF14,0
DNMT1,0
TEN1,0
BTBD10,0
NCK1,0
NDUFA10,0
DIEXF,0
TRIM35,0
C17orf61-PLSCR3,0
ZSCAN2,0
HDAC1,0
DDX55,0
TEFM,0
ARHGEF18,0
PARVG,0
DRG2,0
EIF4EBP1,0
DOK2,0
SS18L1,0
VBP1,0
PPIH,0
NAT9,0
TAF13,0
PDCL3,0
PRPS2,0
AKT1,0
BIN2,0
ABCC3,0
FRA10AC1,0
RRP1B,0
DNASE2,0
LYSMD1,0
MOSPD3,0
CTTNBP2NL,0
CEP78,0
SH3GLB1,0
C11orf24,0
GTF2E2,0
FAM179A,0
STX7,0
GABARAPL1,0
BNIP3,0
TFCP2,0
TUT1,0
AC119673.1,0
SNTB2,0
ELK4,0
ATP1B1,0
FOPNL,0
IL18BP,0
INPP1,0
DENND1A,0
PCNX,0
UBQLN4,0
RGS12,0
YIPF3,0
TATDN2,0
RCN2,0
TMEM168,0
RASA3,0
LETM2,0
PI4KB,0
TRIM11,0
NBL1,0
CHN1,0
PTBP1,0
PYCRL,0
ZNF548,0
TMED9,0
NOTCH4,0
RASGEF1B,0
ISY1,0
SSR4,0
CCL2,0
CDK12,0
TMEM63A,0
FBXO41,0
AP5B1,0
STAT2,0
FBXL20,0
FCGR1A,0
PBDC1,0
SNX17,0
SESN3,0
AAED1,0
UBTF,0
FAAH2,0
FCER1G,0
TCEAL1,0
GNPNAT1,0
SEL1L,0
CXXC5,0
HAUS2,0
PPAPDC2,0
GEMIN5,0
TTC21A,0
ZFAT,0
DNAJC10,0
NSMCE4A,0
SCML4,0
HECTD2,0
EEF2K,0
MCM3AP,0
CLDN11,0
GEMIN6,0
ZKSCAN3,0
NASP,0
KIAA0922,0
SIRPG,0
NT5C3B,0
PLA2G4C,0
PLEKHJ1,0
LMBR1L,0
ZNF831,0
ILVBL,0
CSRP1,0
STK25,0
TTC32,0
GRASP,0
RAD51AP1,0
UBE2O,0
CD300LF,0
FAM65C,0
ATP5EP2,0
LRRC25,0
NDUFA9,0
PPWD1,0
HERC6,0
TLR4,0
NHLRC3,0
RAB4A,0
GRAP2,0
RHOT1,0
HSPA13,0
OCLM,0
AMD1,0
RPP30,0
MBP,0
ASPSCR1,0
IFRD2,0
CIB1,0
DNAJC25-GNG10,0
CLN6,0
SULT1A4,0
PFDN2,0
SRR,0
RPRD1B,0
MGST2,0
CAB39,0
SAMD12,0
TSR3,0
R3HCC1L,0
TBC1D3F,0
MEGF8,0
FAM65A,0
FRS2,0
PTS,0
SF3A3,0
ANKH,0
DDHD2,0
ARID1A,0
EPHA4,0
RASGRF2,0
PPAT,0
ARHGAP31,0
MKRN1,0
ALPK1,0
SPATS2L,0
EID1,0
NAA35,0
LMNB2,0
SETD1A,0
ZNF587,0
USP32,0
CLUAP1,0
RAD23A,0
SNAP47,0
ABT1,0
MMAA,0
TMCO3,0
CNST,0
CTDSPL2,0
FADD,0
ANGPTL6,0
GAK,0
TRMT2B,0
LRRC37A,0
DNAJC1,0
PLAGL1,0
ZNF649,0
TTF1,0
PIK3CA,0
TRIM26,0
TOX2,0
FILIP1L,0
STK39,0
ARHGAP24,0
OSBPL3,0
ATP8B3,0
SMCR8,0
PARD6A,0
POLRMT,0
YWHAG,0
FZR1,0
C1QA,0
TSTA3,0
SLC7A6,0
PTPN4,0
OGG1,0
ZBTB14,0
STK3,0
SNRNP27,0
TMEM14C,0
ZNF598,0
PAM16,0
CLPX,0
MKKS,0
UQCRFS1,0
RNF123,0
GYG1,0
REXO1L1,0
SGK494,0
CD83,0
ALCAM,0
USP12,0
EPS8L2,0
UCK1,0
CCDC152,0
NUBP2,0
LPCAT1,0
INTS12,0
ACO1,0
EFCAB4B,0
USO1,0
PPM1F,0
APOL3,0
RRP1,0
SGSM3,0
DTHD1,0
KDM1B,0
ZNF354A,0
CMKLR1,0
CXCR6,0
ATIC,0
TMEM214,0
DOK1,0
FXR2,0
MTR,0
C8orf59,0
MGLL,0
PLEKHG3,0
FCRL5,0
NIT1,0
ACP6,0
NELFCD,0
PRIM2,0
CCDC6,0
BET1L,0
IL3RA,0
TBC1D19,0
TBC1D22B,0
RFXANK,0
SERTAD1,0
C1D,0
RRP36,0
DAG1,0
TOR2A,0
TNFRSF25,0
EAPP,0
GMPPB,0
NCALD,0
RNF44,0
TMEM241,0
PPP6R1,0
TLR2,0
EEA1,0
C19orf54,0
UIMC1,0
UHRF1BP1,0
ACE,0
PUS7L,0
BCL7C,0
RGL1,0
PRPF4B,0
KBTBD2,0
CDCP1,0
CCDC43,0
BTBD19,0
TSTD1,0
ALDH1B1,0
C9orf117,0
WRB,0
PGAP3,0
ATXN7L1,0
CTC-487M23.8,0
TOR3A,0
CORO7-PAM16,0
MEA1,0
APOBEC3H,0
SH2D1B,0
TFEC,0
PPP3CC,0
PPP4R2,0
NFATC1,0
AMY2B,0
TIMM8A,0
CSNK2A1,0
ANAPC5,0
CCDC7,0
SHMT1,0
TCP11L1,0
DGKQ,0
RP11-552F3.12,0
PCTP,0
IGHMBP2,0
ZNF318,0
PURA,0
AAGAB,0
CYP2D6,0
TMEM14A,0
TMEM189,0
KIAA0930,0
IGLC3,0
FAM129A,0
SRP72,0
ZNF408,0
SFMBT1,0
SGMS1,0
STAU1,0
RFX3,0
ZBTB32,0
FLVCR2,0
NUDT15,0
LSM7,0
MAP3K8,0
BZW1,0
SLC39A3,0
MAP1S,0
ZNF202,0
SFXN5,0
COPZ1,0
AAR2,0
ZNRF1,0
LRRC37A3,0
HOPX,0
CACNA2D4,0
DMXL2,0
ZNF217,0
RBM23,0
CEP120,0
ELAVL1,0
C10orf88,0
MICAL3,0
KLRK1,0
RAD51D,0
STARD3,0
FAM177A1,0
PCMT1,0
DOCK10,0
WDR62,0
ZNF816,0
UBE2I,0
TEX30,0
IDI1,0
PIGH,0
PDDC1,0
GOT1,0
C9orf78,0
LRRC59,0
OSBPL9,0
TMEM106A,0
CALCOCO1,0
C3orf14,0
SLC15A3,0
PRKCZ,0
C22orf39,0
B3GAT1,0
P2RX7,0
PLCXD1,0
NUDT19,0
NBAS,0
NUP54,0
ANXA6,0
JMJD8,0
MTUS1,0
FLJ00104,0
KLC4,0
ABCD3,0
WIZ,0
UTP20,0
DHX16,0
SMYD3,0
WASH4P,0
EIF2B5,0
TLDC1,0
NUP88,0
IMPDH2,0
SLC37A2,0
PPAP2A,0
NUGGC,0
SCARB2,0
GNB4,0
RYBP,0
YBX1,0
BCL7B,0
IER3IP1,0
C4orf48,0
VPS4A,0
GTF2I,0
ABHD2,0
ZNF682,0
DUSP16,0
REST,0
LYRM2,0
BPGM,0
SNX11,0
GPAT2,0
CEP350,0
ZNF700,0
DCAF7,0
SEC62,0
BOLA1,0
RDX,0
SIRT5,0
HMGXB3,0
TRAPPC6B,0
ZNF688,0
GBF1,0
QPRT,0
SLC4A2,0
MRTO4,0
ISCA2,0
PMS2,0
COX10,0
PLOD1,0
QARS,0
FCGR2B,0
CTSA,0
LRRC8A,0
AP3S1,0
MSRA,0
MANF,0
SRRM1,0
ASNA1,0
TM7SF2,0
PNPLA7,0
LTA4H,0
RNF20,0
ATXN1,0
FAM21C,0
ATP13A2,0
MYO1E,0
PIN4,0
FAM213B,0
PIK3R6,0
PPP5C,0
MLH1,0
RMDN3,0
CHIC2,0
MTFR1L,0
MTHFR,0
PANK4,0
NACC2,0
NCBP1,0
FAM19A2,0
UBR3,0
MAGEH1,0
NUP160,0
RP11-599B13.6,0
URB1,0
RASA2,0
FAM156B,0
ZNF319,0
ERCC2,0
TRAF3IP2,0
PAPSS2,0
PALB2,0
WDHD1,0
PTPRJ,0
AXIN1,0
NOL10,0
GBP1,0
ZNF726,0
UBXN2B,0
CCDC22,0
MKI67IP,0
ADTRP,0
SIRT6,0
FEZ2,0
EGLN3,0
SNX19,0
C2orf68,0
PSMA2,0
ANGPT2,0
TMEM180,0
SREBF2,0
DDRGK1,0
PROSER1,0
CUL3,0
STK32C,0
TMCO4,0
TRAV3,0
ENO3,0
NCF2,0
TEX264,0
ATP1A3,0
PIGS,0
NACC1,0
PARP6,0
VEGFA,0
BNIP3L,0
C12orf66,0
GMPR2,0
FADS1,0
UBE2W,0
SNAPIN,0
ZNF45,0
ACSS2,0
CDKN2A,0
RBBP9,0
PUS3,0
TRAV8-2,0
CACUL1,0
POLA1,0
PRKACA,0
C17orf85,0
SPICE1,0
COMMD3,0
CEP250,0
CBR4,0
INF2,0
COMMD4,0
REXO1,0
TWSG1,0
TRIO,0
ZFYVE19,0
PER2,0
TM9SF3,0
FBXO6,0
TBC1D3,0
CMTM3,0
THOC1,0
KCNN4,0
KIAA0355,0
TRMT10C,0
PHLDB3,0
THBS1,0
CWF19L2,0
PTP4A1,0
ZNF641,0
DZIP3,0
SBF2,0
DUS4L,0
METTL8,0
FAM105A,0
TECPR1,0
SFMBT2,0
SEC63,0
RBKS,0
IPP,0
ATP8B1,0
VPS11,0
IMMP2L,0
GNA12,0
SNAPC2,0
F11R,0
NAA20,0
ARL3,0
STX18,0
SMURF1,0
RMDN1,0
PTK2,0
MINA,0
PSMD12,0
ERI1,0
RFX7,0
PLK1,0
GOT2,0
HSD17B12,0
CSF2RA,0
PTGES2,0
SPATA5,0
FRG1,0
FLAD1,0
TNS1,0
CHMP7,0
TOP3A,0
ZNF14,0
AC132872.2,0
ATG13,0
DHX33,0
SHC1,0
B3GNT5,0
MAEA,0
C9orf41,0
MMP9,0
RNF167,0
CTC-432M15.3,0
GPN3,0
E2F3,0
SRSF4,0
ZNF846,0
SERGEF,0
PGAP2,0
ZSWIM7,0
MAD2L2,0
PGM2,0
DNAJC17,0
ZRANB3,0
MAST2,0
SNRPB2,0
SAYSD1,0
RRAGC,0
SH2D3C,0
DNM1L,0
NLRP3,0
SLC26A2,0
POGZ,0
HINT3,0
KATNB1,0
QPCTL,0
POLR1B,0
TSACC,0
PPP3CB,0
FAM98B,0
IPO5,0
TRAV19,0
PITPNC1,0
CENPT,0
DCTN2,0
MCUR1,0
BRF2,0
FEM1C,0
ETFB,0
PRUNE,0
CSE1L,0
DCPS,0
LIME1,0
SKIL,0
NR1H3,0
SLC25A37,0
DHRS12,0
FUT11,0
RRP12,0
SIGLEC7,0
FNIP1,0
DDX60,0
USB1,0
STK17A,0
NFKBIL1,0
CNOT3,0
LILRB5,0
APEX1,0
ING2,0
CLASRP,0
MEF2BNB-MEF2B,0
WBSCR22,0
TNFRSF18,0
PHF21A,0
TMCC1,0
GGCT,0
POLDIP2,0
PHC1,0
FAM160B1,0
VNN2,0
GALC,0
MINOS1,0
KLHDC7B,0
PCK2,0
TBCB,0
PDE6D,0
ZNF707,0
KIF1B,0
MAZ,0
PDLIM1,0
LXN,0
SLC11A1,0
SLC22A18,0
P2RX1,0
RBM28,0
DKC1,0
ITGAM,0
HELLS,0
FASN,0
RP11-603J24.9,0
TMEM5,0
SRD5A3,0
BMF,0
SETBP1,0
RP11-977G19.10,0
YAE1D1,0
MAP4K1,0
CCDC180,0
UMPS,0
IGHV1-2,0
MAVS,0
COX14,0
CWC15,0
NAT1,0
ICK,0
ZNF333,0
TARDBP,0
CLECL1,0
KIF23,0
PGM3,0
CD8B,0
AP1B1,0
CHMP5,0
KIR3DL2,0
UBE4A,0
KLF4,0
C17orf66,0
INO80D,0
CXorf56,0
ANKRD28,0
ITGB3BP,0
FCRL3,0
PRDX2,0
C16orf80,0
ZCCHC17,0
FN3KRP,0
ATPIF1,0
CRTC2,0
TFEB,0
NSL1,0
FASTKD1,0
SLC29A1,0
MAX,0
MBD4,0
TMED7,0
PHF13,0
HNRNPA3,0
COLGALT1,0
PIGT,0
INPP5E,0
ACSL4,0
NDUFS2,0
RBM38,0
TM7SF3,0
CCDC86,0
ZNF267,0
AC090186.1,0
NDUFAF5,0
TMCO1,0
TRMT5,0
TOLLIP,0
OXCT1,0
SPC25,0
FBRSL1,0
C9orf85,0
ZNF160,0
ABCA1,0
GLCCI1,0
LHFPL2,0
PTRHD1,0
TBC1D22A,0
MRC1,0
TRIM41,0
FAM20A,0
PIGW,0
MRC1L1,0
P4HA1,0
IFT122,0
HP1BP3,0
DYNLT3,0
PM20D2,0
BARD1,0
UBL7,0
UBAP2,0
BRMS1L,0
DARS2,0
TUBB6,0
NAGK,0
FAM219B,0
TTYH3,0
GIMAP4,0
DUSP28,0
NME3,0
MID1IP1,0
RINL,0
ADPRH,0
PDK1,0
PACS1,0
PDCD1,0
CDCA7L,0
COX16,0
PPP1R16B,0
YARS,0
AC040977.1,0
GEMIN2,0
USP6,0
CCAR1,0
THOC6,0
DPH3,0
RBM14-RBM4,0
RBM12B,0
TRAK2,0
HEATR5A,0
ARPC5L,0
FERMT3,0
LARP7,0
CCDC47,0
SQLE,0
TTLL1,0
ANKRD13D,0
KIAA1737,0
LRRFIP1,0
C9orf156,0
KEAP1,0
INTS3,0
MEF2C,0
LFNG,0
HDGF,0
SDF2,0
MAN2B2,0
LMAN1,0
KDM5B,0
SETD7,0
GTPBP10,0
POLR1D,0
MLST8,0
SLC35A4,0
DCAF4,0
BAZ1B,0
AFG3L2,0
ZNF322,0
FKSG68,0
PELI1,0
RASGRP2,0
DTX3L,0
LRRK1,0
C11orf83,0
SIN3A,0
PTGR2,0
TDP2,0
PTPRA,0
PYGL,0
DCXR,0
FAM120AOS,0
OTUD6B,0
CLNK,0
TMEM219,0
GDE1,0
CROT,0
ANAPC7,0
PHC2,0
DHX37,0
IFNLR1,0
BCS1L,0
DCAF6,0
IPO8,0
LENG1,0
EIF2A,0
GTF3C4,0
CLEC4A,0
GBP3,0
TBC1D23,0
IZUMO4,0
ABHD14A-ACY1,0
BST1,0
C1RL,0
KIAA0947,0
CHD6,0
DENND4B,0
SSBP4,0
UBE2R2,0
AGO4,0
WDR7,0
KCNK6,0
G2E3,0
NQO2,0
CSRNP2,0
GNL3,0
CPSF2,0
SLC4A7,0
OSGEPL1,0
RPIA,0
DNAJC8,0
PCNXL3,0
PLEK,0
ZC3HC1,0
PTPN23,0
CTB-133G6.1,0
WWP1,0
GNPTAB,0
NDNL2,0
TRIM44,0
NR2C2AP,0
PPARD,0
PAQR3,0
UNG,0
BAD,0
CEP85,0
HECTD3,0
TMEM42,0
IFT20,0
NARS2,0
ECHS1,0
TRUB1,0
GTF3C1,0
PITHD1,0
CUL1,0
ANLN,0
CCNH,0
TMEM192,0
LRRC41,0
CCNB1IP1,0
TOM1L2,0
HAGHL,0
NDUFS1,0
SIK3,0
CHPT1,0
ACYP1,0
TCL1A,0
PPP4R1L,0
TMEM33,0
GLCE,0
ATP6V1C1,0
FASTKD5,0
PPFIA1,0
METTL16,0
KIAA1841,0
ARHGEF9,0
EXOSC7,0
PER3,0
SLC35C2,0
SDHA,0
IFIT1,0
SCRN2,0
NIT2,0
TRGV9,0
DENND1B,0
SP140,0
HIST1H2BN,0
LRRC14,0
CLP1,0
PTPMT1,0
DNAJB4,0
PLCB2,0
BIK,0
SYNJ2,0
FAM213A,0
OCIAD1,0
MTA2,0
STX1A,0
NEIL2,0
GOSR1,0
EIF3I,0
C1orf186,0
RAB14,0
GCC2,0
GATAD1,0
EBNA1BP2,0
CHD3,0
ITPRIP,0
C17orf80,0
TRIB1,0
POMK,0
PDZD11,0
KIF5B,0
TNIP3,0
CCSAP,0
AGAP8,0
SLC35F6,0
RAB3IP,0
ANKMY1,0
UBR4,0
ACAP3,0
BOLA2,0
TBL1X,0
MPZL1,0
RAB4B-EGLN2,0
PRDM8,0
PDIK1L,0
HNRNPAB,0
ARRDC5,0
NME4,0
USP42,0
EFCAB14,0
RP11-849H4.2,0
ZNF326,0
DISC1,0
PDE12,0
CUL7,0
BDP1,0
ETV6,0
ZMYM3,0
NSUN4,0
RCE1,0
KDM5D,0
HLCS,0
TCEAL8,0
PARP3,0
CC2D1A,0
TSPAN14,0
ZSCAN16,0
CREB1,0
AKT2,0
AQP9,0
PHLDA1,0
TTC21B,0
ZSCAN25,0
TSHZ2,0
NDUFAF4,0
MDGA1,0
EVI2A,0
SUN1,0
CKLF-CMTM1,0
GPX7,0
SPIN4,0
PRKRA,0
PPID,0
SORBS3,0
RACGAP1,0
C3AR1,0
CRYL1,0
FOXJ2,0
JHDM1D,0
NDUFC1,0
NSMCE2,0
SCD,0
ZNF189,0
HIST1H1D,0
SNAPC5,0
USP49,0
TRBV20-1,0
ZNF138,0
TDP1,0
PSMD14,0
NBPF20,0
RABGEF1,0
UCKL1,0
GTPBP4,0
UBE2K,0
NAT6,0
TRIB3,0
BRAF,0
ZNF544,0
NT5DC1,0
CERS4,0
RAD1,0
SLC12A7,0
ATP6V1B2,0
ABCC11,0
LIAS,0
BOLA3,0
LTA,0
GTF2H3,0
XPO6,0
ARF4,0
CIITA,0
CNIH1,0
BCKDHA,0
POLM,0
TPK1,0
SHKBP1,0
MAP2K4,0
SRM,0
TAF4B,0
STAT4,0
FAM173A,0
SNAPC4,0
PWP2,0
C6orf120,0
TCTN2,0
ZBED6,0
TIMM22,0
ZNF274,0
PSMD6,0
TMEM200B,0
RANBP1,0
TNFAIP8L1,0
SCAMP4,0
LYZ,0
CLDND1,0
PAPSS1,0
SWI5,0
FBXO38,0
TRAPPC4,0
RLIM,0
BST2,0
SNX22,0
EMG1,0
TBC1D3H,0
ZNF615,0
TCEA1,0
SOCS4,0
CD3D,0
SRRT,0
ATP6V0A2,0
ZNF350,0
KDM4B,0
BRWD3,0
ZNF445,0
HSH2D,0
NCKAP5L,0
CHPF2,0
TMEM218,0
AACS,0
OPHN1,0
C17orf75,0
POLR2J2,0
SULT1A1,0
C1GALT1C1,0
MMS22L,0
ARPC5,0
PRAF2,0
GLA,0
FN1,0
ORC3,0
SETD4,0
ALG13,0
ZNF432,0
SPTLC2,0
IL15,0
DVL3,0
TRUB2,0
GRSF1,0
SPATA33,0
DLGAP4,0
DUSP7,0
ABCD1,0
RARS,0
SETD2,0
HSF2,0
CUX1,0
CHEK1,0
RELL1,0
NFATC2,0
CDK2AP2,0
BCL6,0
CD4,0
NELL2,0
UBE3C,0
INTS10,0
ZNF568,0
C2orf47,0
NBPF12,0
UBE2Z,0
NME1,0
IGLV2-14,0
TCEB2,0
PIGA,0
CLEC4E,0
FEM1B,0
CCDC126,0
CDC6,0
FGFR1,0
GSKIP,0
PREB,0
SIGLEC5,0
PPP2R4,0
ZBED6CL,0
UFL1,0
SIMC1,0
ABHD3,0
TNFRSF10D,0
AMZ2,0
CISH,0
STRIP1,0
CD200R1,0
UFC1,0
FAM127B,0
C12orf42,0
TNFRSF10B,0
DHRS3,0
ATP6V0B,0
BRCA2,0
CIAO1,0
C2,0
BIRC2,0
TMEM43,0
DCTN3,0
TACC3,0
SEC11C,0
MANBA,0
PINX1,0
ADAP2,0
RTN4,0
WDR82,0
ZNF589,0
CHAF1B,0
SLC30A7,0
SPRY2,0
PRPSAP2,0
RP4-758J18.2,0
GSTCD,0
FBRS,0
C2orf69,0
MYO7A,0
SAMHD1,0
EPC2,0
DEPDC5,0
TOP1MT,0
EIF4EBP3,0
RP11-574K11.31,0
PRPS1,0
KIF11,0
TRAPPC3,0
RPAP3,0
KLF7,0
SYPL1,0
MICA,0
MAP3K5,0
YJEFN3,0
ERMARD,0
ARHGAP26,0
HDDC2,0
WBP4,0
AC015987.2,0
REXO1L10P,0
SLC37A1,0
CCL3L3,0
LRRC42,0
BANK1,0
ARL6IP5,0
KLHL15,0
SEH1L,0
MTRF1L,0
CCDC50,0
ATP2B4,0
ZNF211,0
MAPK14,0
TBRG1,0
TAP2,0
MPPE1,0
GAB2,0
KLHL22,0
FAM72B,0
MTIF3,0
PLCH2,0
TXLNG,0
FAM200B,0
PCF11,0
DAPK2,0
CENPH,0
EBI3,0
JUN,0
HMGXB4,0
FRMD4B,0
RP5-966M1.6,0
GHRL,0
AHI1,0
C8orf76,0
GGACT,0
TMEM170A,0
CCDC28A,0
C6orf57,0
KHNYN,0
ZNF165,0
MZT2A,0
METTL2B,0
ROCK2,0
ZNF514,0
OSBPL2,0
C14orf142,0
MDM2,0
NRDE2,0
API5,0
TOP1,0
ECI1,0
ATP5O,0
SMN2,0
ANKAR,0
PIGO,0
SLC15A4,0
RANBP10,0
SPAG1,0
LYRM1,0
LARP1B,0
NDUFB5,0
PIBF1,0
SLC25A33,0
AC007390.5,0
AKAP7,0
AARSD1,0
RMND5B,0
ZNF585A,0
PSKH1,0
STX16,0
SETD1B,0
ASPH,0
MED27,0
SLC5A3,0
MSANTD4,0
ITPR2,0
PRSS23,0
JAKMIP2,0
ATP11B,0
MARS2,0
UXT,0
CWC27,0
POLG,0
ALS2,0
RTEL1-TNFRSF6B,0
DDX28,0
RAVER1,0
PAGR1,0
ATF5,0
FUT8,0
MST4,0
CBLL1,0
C4orf33,0
LGALS3,0
SLC46A3,0
ARID5A,0
TOR1A,0
TRERF1,0
PKD2,0
TMEM204,0
SLC27A4,0
EED,0
ARF5,0
STAM,0
GSTM4,0
ACACA,0
CCDC58,0
TRBV5-1,0
CLIC5,0
GNS,0
DAZAP1,0
SEC13,0
RSRC2,0
CRELD1,0
CCDC85B,0
OARD1,0
RHOC,0
CSNK2A3,0
FAM199X,0
JOSD1,0
HSD17B7,0
SNX15,0
BLOC1S5,0
BCAT2,0
APBA2,0
WDPCP,0
EXOG,0
ST14,0
ZC3H12A,0
PRKACB,0
ALKBH2,0
REXO2,0
ACD,0
ABHD14A,0
TACO1,0
NRIP3,0
STAT5A,0
COQ4,0
EIF1AD,0
TMEM194B,0
TTN,0
C12orf65,0
RGL2,0
GATS,0
CTLA4,0
GNGT2,0
SPP1,0
FOXM1,0
GUK1,0
ARL4D,0
SLC10A7,0
TOE1,0
AKAP10,0
PCYOX1L,0
REV3L,0
FGR,0
MTOR,0
BAP1,0
GMEB2,0
TTC38,0
TJAP1,0
FAM160B2,0
BAZ1A,0
TGFBRAP1,0
BPHL,0
SDE2,0
VPS39,0
CEBPD,0
MXI1,0
RANBP3,0
ENGASE,0
VPS8,0
ZNF511,0
EIF4ENIF1,0
RABL6,0
TNIP1,0
ABRACL,0
CLOCK,0
RNF31,0
HDHD2,0
MAST3,0
NOA1,0
IPCEF1,0
RNF138,0
SSBP3,0
GALNT6,0
LRRC57,0
HIVEP1,0
BCL2L11,0
ZNF587B,0
CXorf21,0
KRAS,0
FAM13B,0
RFFL,0
AGTPBP1,0
NADSYN1,0
TMEM8A,0
PTPN9,0
ZCCHC10,0
BCL10,0
PAQR7,0
AC104534.3,0
NPHP3,0
SMS,0
CTD-2583A14.10,0
PLTP,0
BLOC1S2,0
RRM2,0
SLC30A6,0
DHX9,0
RRAGB,0
SPECC1,0
ARNT,0
RNF169,0
ZNF551,0
LARS2,0
TK1,0
ATE1,0
DNAJC4,0
SARDH,0
CR1,0
TOM1,0
SUV39H2,0
C11orf30,0
KIAA0020,0
CLU,0
DGKE,0
IFT57,0
KLHDC4,0
IFT52,0
PRPF40A,0
GLE1,0
RSC1A1,0
TNPO1,0
EHBP1L1,0
INCENP,0
ANTXR2,0
ZNF526,0
VANGL1,0
MAP2K3,0
MFSD11,0
CCNI2,0
PET100,0
SRFBP1,0
XPR1,0
ARHGEF6,0
GBA2,0
ACOT7,0
GTF3C2,0
SSX2IP,0
UBA3,0
ACOT1,0
C1orf21,0
THYN1,0
ANKRD22,0
HCCS,0
C19orf25,0
FBXW4,0
CUL9,0
TCAIM,0
ELAC1,0
DDI2,0
RBM15,0
ST6GALNAC3,0
ARL5A,0
KIAA1143,0
PHKA2,0
GABPA,0
RAB12,0
DDX24,0
PIGC,0
MAGED1,0
NARG2,0
PTP4A3,0
SGTB,0
FAM105B,0
FAM58A,0
FAM127A,0
TSTD2,0
POLI,0
S100PBP,0
SIVA1,0
C22orf34,0
OMA1,0
RNASE6,0
PFKFB4,0
CHTF18,0
CCND3,0
SLC12A9,0
CHIC1,0
SAR1B,0
PRIMPOL,0
ZNF444,0
ZNF574,0
SNW1,0
MC1R,0
C21orf33,0
TIMM21,0
PHF20,0
RDH10,0
ATN1,0
CSGALNACT1,0
ZNF600,0
SIRT1,0
GLDC,0
PSPH,0
TTLL4,0
AP5S1,0
ANKRD40,0
DDX3X,0
SEC61A2,0
CRYZ,0
SHCBP1,0
AGTRAP,0
PEX11B,0
EIF3J,0
ZNF354C,0
SPRYD3,0
SP140L,0
GNAI3,0
CROCC,0
PKIA,0
LPAR2,0
ZNF789,0
ETFDH,0
EXO5,0
AGPAT1,0
ZNF558,0
CDKN2AIP,0
NETO2,0
FAM83G,0
CDCA5,0
RFX2,0
ERO1L,0
PPARGC1B,0
PCBD2,0
COL9A2,0
TOX4,0
BMP2K,0
COPS4,0
IFT172,0
FAM206A,0
ANKRD26,0
PGRMC1,0
ZNF701,0
PRKDC,0
VTI1B,0
TMEM50A,0
SRA1,0
PHF5A,0
IGHG3,0
MGMT,0
ZNF763,0
ALKBH6,0
TP53INP1,0
TRAV1-2,0
DBT,0
PRKCE,0
CECR5,0
DLGAP5,0
BMPR2,0
DEDD2,0
GPS1,0
TSHZ1,0
SLC16A3,0
SPIN2B,0
PPA2,0
HIST2H4A,0
GSTM2,0
JMJD4,0
RAB1A,0
P4HTM,0
TBC1D15,0
COQ9,0
AKIP1,0
TRMT44,0
LRRC48,0
GIT1,0
B3GNT7,0
NBPF3,0
PGM1,0
SULT1B1,0
C20orf194,0
ZXDC,0
COMMD8,0
ZNF710,0
ZNF614,0
MAD1L1,0
LMOD3,0
REEP4,0
PDHX,0
PDE7A,0
TXNL4B,0
SSH1,0
DOK3,0
LRWD1,0
INSIG2,0
ARFGAP3,0
RAB20,0
ENTPD1,0
RRBP1,0
BCAS4,0
SLX4IP,0
TMEM107,0
LHPP,0
KIAA0368,0
AEBP2,0
CCDC101,0
FAM185A,0
ZNF148,0
RNASEH2B,0
TRMT61A,0
RP11-1212A22.4,0
AMIGO2,0
KCNA3,0
HDAC2,0
PITPNM2,0
MCM6,0
TTC5,0
MAPK1IP1L,0
TCEB1,0
ZDBF2,0
C19orf47,0
HIST1H3A,0
CCND1,0
ABCC4,0
MEX3C,0
FKRP,0
FES,0
DHFR,0
TNFRSF1A,0
HGSNAT,0
MAP4K2,0
NPAT,0
TMTC3,0
SPATA21,0
MFNG,0
LTBR,0
MANEA,0
CLYBL,0
FAIM,0
RCSD1,0
HPS4,0
ZNF468,0
USP47,0
COMMD5,0
PRKX,0
HSPA5,0
NNT,0
ZCCHC9,0
HOOK2,0
ZNF18,0
CCBL1,0
PIGN,0
IRAK4,0
RALGPS2,0
SLC39A8,0
SNRNP40,0
CASK,0
IRAK2,0
MAMLD1,0
C19orf35,0
SORD,0
MMADHC,0
APOA1BP,0
DTNBP1,0
ACP5,0
PLK4,0
PASK,0
FAM96B,0
C1QTNF6,0
DCTD,0
SLC16A1,0
FAF2,0
TRGV3,0
TAPT1,0
CD40,0
POLK,0
KDM3B,0
DGUOK,0
FBXO30,0
TPX2,0
PIP4K2A,0
BET1,0
ZRANB2,0
SCO1,0
CCT3,0
GAMT,0
ULBP2,0
PRELID1,0
C6orf203,0
FAM136A,0
HECTD4,0
DHX40,0
LOH12CR1,0
CLPP,0
CYB561D2,0
RABEP2,0
C6orf47,0
ALG9,0
NAT10,0
STAG3,0
ZMYND11,0
SACS,0
MPP7,0
MIPEP,0
MSL1,0
FAM221A,0
UPRT,0
NUP50,0
AP3S2,0
IFIT5,0
UBL4A,0
CXCL16,0
CPEB2,0
CHTOP,0
EPG5,0
TTC19,0
PSMA1,0
CTD-2207O23.3,0
UNC50,0
CENPL,0
BSCL2,0
DNAJB12,0
RAB24,0
FAM179B,0
ZNF140,0
TMEM41A,0
TNRC18,0
PRPF31,0
OXSM,0
ERCC3,0
SFXN4,0
ZNF480,0
ALKBH4,0
PPP3CA,0
IMPAD1,0
AFAP1L2,0
GBP7,0
PRPF38A,0
TOMM70A,0
SH3BP2,0
C9orf89,0
CCR6,0
PRR14,0
SMIM14,0
ZNF24,0
DNMBP,0
RPUSD3,0
DDX56,0
DTD1,0
POU5F2,0
C7orf60,0
INTS5,0
TUBA1A,0
BEX4,0
GPR89C,0
SIPA1,0
SH3KBP1,0
RAPGEF1,0
WRN,0
CPT2,0
ZC3H8,0
MOGS,0
MCPH1,0
CD300C,0
ARID4A,0
SWT1,0
SLC27A5,0
TMEM179B,0
LRCH4,0
VPS36,0
TVP23B,0
MYEOV2,0
KIAA1524,0
EMC9,0
BTN3A1,0
GDPD5,0
CSTA,0
KIF3A,0
CUL2,0
EXOSC1,0
ALDH5A1,0
SIGLEC9,0
CDKN2D,0
CREB5,0
CARF,0
STARD4,0
AHDC1,0
RIC3,0
NOP56,0
PAK1,0
FAM13A,0
HEG1,0
ACBD4,0
GINS4,0
ZMYM4,0
NVL,0
MTO1,0
FAM49A,0
ZFYVE16,0
CMSS1,0
NDST2,0
C5orf42,0
TAOK1,0
RP11-159G9.5,0
HIST1H2AG,0
MAN2A2,0
HMGN4,0
THUMPD1,0
ERRFI1,0
PNPO,0
LYPLA1,0
RRN3,0
AASDH,0
TMOD2,0
TNS3,0
CERK,0
RAP2C,0
NPIPA3,0
TPCN2,0
NMRAL1,0
RAB31,0
ACP1,0
CHST7,0
AP3M1,0
BRCC3,0
TCF12,0
RBM33,0
TRAPPC11,0
HLA-DPB1,0
CITED2,0
LIMS1,0
TBCA,0
NDUFB6,0
UXS1,0
TRAV9-2,0
METTL23,0
RAN,0
SPTBN1,0
RAC1,0
WDR75,0
C18orf32,0
PSMB5,0
ORC4,0
BSDC1,0
PTPN22,0
FBXO46,0
LEPROT,0
ZNF500,0
PMEPA1,0
ARID3A,0
SH3GLB2,0
VSIG4,0
ZMYM5,0
ARMC5,0
TFAM,0
TEX261,0
TAF2,0
NDC1,0
CTC-479C5.12,0
CNOT4,0
C12orf23,0
NCAPD3,0
MS4A4A,0
C3orf38,0
AC006449.1,0
TAF1D,0
SIAH2,0
SNIP1,0
HPRT1,0
RNASEL,0
AUTS2,0
ZNF578,0
EMC7,0
DAXX,0
STX6,0
CASP8,0
CWF19L1,0
OSBPL11,0
PLXDC1,0
RSAD1,0
MFHAS1,0
RP11-434D12.1,0
TTLL12,0
COMMD10,0
ADD1,0
SLC38A10,0
SMPDL3A,0
VCPIP1,0
GDAP1,0
TMEM216,0
RAD17,0
EPRS,0
MBD1,0
RGPD6,0
EHD4,0
CDH23,0
HEATR5B,0
AKT1S1,0
TNIP2,0
AP1G1,0
HEXDC,0
SUMF1,0
PKNOX1,0
NCF4,0
XRN1,0
IRF8,0
SIKE1,0
BRAP,0
C1QB,0
HAGH,0
DDX11,0
AMMECR1L,0
RHBDD3,0
UPP1,0
ZNF862,0
DDX18,0
C9orf69,0
HDAC4,0
ITSN1,0
ZNF775,0
HNRNPUL2,0
TUBGCP4,0
CAPRIN2,0
NCOR2,0
MYO18A,0
C17orf67,0
TTI1,0
STAMBP,0
MLH3,0
ZBTB10,0
USP22,0
SMC1A,0
YES1,0
PPM1D,0
ESRRA,0
STAM2,0
EP400,0
FANCI,0
RASGRP1,0
SH3TC1,0
DDX49,0
PSMG3,0
MAP4K4,0
MYLIP,0
PYURF,0
WAS,0
GGA1,0
EDF1,0
HNMT,0
SLAMF6,0
CCM2,0
RFT1,0
MGAT2,0
IKBIP,0
CEACAM1,0
KIF2C,0
DFNA5,0
DDX21,0
HDAC10,0
C7orf49,0
CCNE2,0
RNF157,0
MAP1LC3B2,0
RAD52,0
EARS2,0
FARS2,0
RGS10,0
LRRC28,0
POLR2J,0
UBE3B,0
SMIM18,0
ZFP64,0
RAD9A,0
FAM21D,0
LPXN,0
CD101,0
ADPRM,0
BBS1,0
SPG21,0
CRKL,0
YDJC,0
CAPRIN1,0
FUNDC2,0
WEE1,0
RECK,0
SLC50A1,0
PCID2,0
RFC4,0
MAN1A1,0
FHIT,0
SURF2,0
CLSPN,0
ZBTB7B,0
CNEP1R1,0
KIF1C,0
ZNF496,0
IRF9,0
CPSF1,0
DPY19L1,0
PAFAH2,0
UBE2C,0
TMEM150A,0
C6orf1,0
ENO2,0
DPM3,0
CD99L2,0
PSD4,0
MICU1,0
ARL2,0
MOAP1,0
UNKL,0
CCAR2,0
ZNF75A,0
INPPL1,0
GINM1,0
KXD1,0
CD109,0
HIPK3,0
MCFD2,0
POLR2D,0
CTC-429P9.4,0
SFXN2,0
DTNB,0
AC103801.2,0
C12orf29,0
FAM178A,0
ZMYND8,0
PNO1,0
VPS16,0
RXRA,0
RBBP6,0
ACTB,0
PBX4,0
ITGAX,0
CLUH,0
MCM7,0
FTSJ1,0
TBC1D17,0
FANCM,0
ITFG3,0
POP5,0
ATP10D,0
CXCL13,0
LST1,0
BCORL1,0
JMJD7-PLA2G4B,0
CEBPG,0
PLK2,0
GGH,0
FKBP8,0
SIDT1,0
CTNND1,0
POLR3B,0
SCCPDH,0
IRF5,0
ZNF765,0
ANKS3,0
AC027763.2,0
TNKS,0
RDH14,0
TESC,0
SMDT1,0
FAM122A,0
GTF3C3,0
RP11-234B24.6,0
GNPDA2,0
ENTHD2,0
TIMM23,0
TRPV2,0
ZNF681,0
LILRB1,0
SYNJ1,0
RAB21,0
MCCC1,0
SLMAP,0
CD160,0
SIAE,0
PARPBP,0
AARS,0
RABL2B,0
GRK5,0
SH3YL1,0
METTL17,0
CIDEB,0
TRAF6,0
SLC38A5,0
RAD21,0
PITPNM1,0
KATNBL1,0
EIF4H,0
TBXAS1,0
SNX4,0
MELK,0
TRIM6-TRIM34,0
MARK3,0
FARP2,0
SUDS3,0
EIF3H,0
NUP35,0
TMEM245,0
TMEM143,0
BYSL,0
PPIL1,0
ADPRHL2,0
VPS13A,0
ERCC8,0
CISD2,0
FTSJ2,0
DPF2,0
FUCA1,0
CHERP,0
TCN2,0
TNFRSF21,0
PPFIBP2,0
FAM175A,0
GRINA,0
CHSY1,0
FCRLA,0
RHOG,0
F2R,0
MADD,0
ACP2,0
POLDIP3,0
INVS,0
PARD6B,0
ALDH3A2,0
NGDN,0
ALG5,0
ZZEF1,0
FKBP3,0
PDHA1,0
TMEM126A,0
INTS8,0
RBM43,0
PAF1,0
MTX2,0
NOC3L,0
ZNF419,0
RAPH1,0
UROD,0
XPA,0
LACTB,0
RBL1,0
SMARCA2,0
LEMD3,0
RIOK2,0
IVNS1ABP,0
ST3GAL3,0
GPS2,0
SEPN1,0
FOXP3,0
PDHB,0
RAB28,0
RAB5C,0
EMP1,0
MED17,0
GLO1,0
EXOSC2,0
ARAF,0
CSAD,0
PPP2R3A,0
ARFIP1,0
NDUFB11,0
RELT,0
KLHDC2,0
ABAT,0
ECI2,0
MTF2,0
TMEM155,0
ZNF37A,0
RNF24,0
ATRX,0
PSME4,0
AASDHPPT,0
BCKDK,0
SERPINH1,0
STK16,0
GFI1,0
C11orf54,0
TMEM50B,0
PRPF8,0
C14orf119,0
DNPEP,0
CDRT4,0
PPAPDC1B,0
SPATA2L,0
CYFIP1,0
WDR37,0
SS18,0
CCDC124,0
RFC1,0
FAM98A,0
DGAT1,0
MKNK2,0
ZNF571,0
ATPAF2,0
IL4R,0
STX12,0
PHF15,0
A1BG,0
KIF18B,0
IFI27,0
FTSJ3,0
DGKZ,0
TRAFD1,0
KANSL2,0
TACC1,0
STX5,0
ZNF439,0
APBA3,0
NAP1L5,0
PIGU,0
SIRPA,0
SEC61G,0
TRMT1L,0
PFDN6,0
CENPC,0
SPRY1,0
GARS,0
PLOD3,0
VRK1,0
UBE2A,0
EMC6,0
DTD2,0
WDR81,0
ABHD17A,0
TRIM62,0
RANBP6,0
AP4E1,0
SETDB1,0
DBN1,0
TTC3,0
SEC14L1,0
TUBD1,0
MAP3K12,0
PGAM5,0
DYRK4,0
KIAA1467,0
PDS5B,0
PRR5L,0
BTBD7,0
TMEM223,0
ARFIP2,0
FBXL17,0
SNAI3,0
DIS3L,0
DCAF5,0
ANO10,0
PPP1R11,0
RRP7A,0
B4GALT4,0
KIAA0754,0
B4GALT7,0
WDR45,0
DPP3,0
ZBTB24,0
LAMA5,0
B3GALT4,0
MORF4L2,0
ZNF134,0
MYL5,0
DERL2,0
DENND1C,0
HELZ2,0
SLAMF1,0
RP11-371E8.4,0
OGFOD3,0
C6orf211,0
C11orf48,0
DUS3L,0
DOHH,0
WDR89,0
DNAJC30,0
MGAT1,0
ZNF43,0
LDOC1,0
ZNF200,0
OBFC1,0
MAK16,0
POLR2F,0
CELSR3,0
SIPA1L1,0
DRAM2,0
SCAMP3,0
RCBTB1,0
CTNS,0
NARS,0
LRRC37B,0
ADAM28,0
IKBKE,0
ATP13A3,0
C12orf73,0
TIAM1,0
LMO7,0
GEM,0
ENDOD1,0
NUP155,0
TVP23C-CDRT4,0
ARV1,0
NUBP1,0
GPR89B,0
CD28,0
OS9,0
NPIPB5,0
SAE1,0
BTBD1,0
ZNF845,0
RALA,0
DIS3L2,0
RNF141,0
ANXA7,0
TBC1D1,0
PXMP4,0
CAMTA2,0
BTG3,0
ILKAP,0
PIGF,0
SLC1A4,0
LRPPRC,0
GANC,0
RGS3,0
THADA,0
AL592284.1,0
ICT1,0
NUP133,0
SLC2A5,0
PGD,0
THOC5,0
CHRNE,0
CD300A,0
ZNF84,0
ARIH1,0
NKRF,0
ZNF32,0
ZBTB1,0
CENPW,0
C10orf137,0
ZNF646,0
TPRG1L,0
TRABD2A,0
ZNF664,0
PRMT5,0
TREM1,0
RAB9A,0
ITGA5,0
IGLC1,0
RFC3,0
AIDA,0
TOP2B,0
RAB22A,0
RELB,0
DHX8,0
SERF1A,0
CHCHD1,0
RNF145,0
ZNF827,0
NT5C,0
CDC14A,0
ABCF3,0
SLC35E3,0
CDKAL1,0
ADC,0
DUSP23,0
CSNK1G3,0
WARS2,0
OCLN,0
C22orf46,0
C9orf142,0
CMC1,0
FAM92A1,0
TIMM44,0
PAAF1,0
CCDC28B,0
KIF3B,0
AMPD3,0
TRIM56,0
CGGBP1,0
RNF166,0
RALGAPA2,0
VPS37A,0
PLA2G15,0
TYMS,0
FAM72A,0
SRPK2,0
EYA3,0
SFT2D2,0
PLBD2,0
KBTBD4,0
ARHGEF7,0
WDR33,0
ZNF678,0
ZFP90,0
ZNF687,0
KRI1,0
SPDL1,0
CCDC157,0
PPP2R2D,0
ATP5SL,0
MCM5,0
DICER1,0
TMPO,0
C12orf76,0
HIST1H3H,0
MFSD2B,0
NEIL1,0
IGBP1,0
WDR65,0
C1orf112,0
RAB33A,0
NUDT9,0
AK1,0
MYBBP1A,0
AKR1B1,0
CD200,0
P2RY8,0
DRG1,0
ATP5F1,0
OVCA2,0
C5orf22,0
KLF9,0
LMAN2,0
SPRED2,0
CA5B,0
NUFIP2,0
TTC1,0
ZNF121,0
DBF4,0
G6PD,0
CAPG,0
ZC3H12D,0
DHX38,0
NUCB2,0
ANO6,0
ACTR5,0
SNX30,0
ZBTB41,0
PAPD5,0
CTSO,0
SVIP,0
PRR12,0
C15orf41,0
ITPRIPL2,0
RAD51C,0
USP9X,0
NDUFA2,0
PRKAR2A,0
GRAMD1A,0
STX17,0
RASD1,0
CYTH1,0
MXRA7,0
ZNF345,0
FGL2,0
UBE4B,0
SPG11,0
SPTBN5,0
PHKG2,0
AKAP1,0
ZDHHC5,0
C17orf107,0
E4F1,0
DCUN1D4,0
SUPT20H,0
GNAT2,0
TGIF2,0
SLC2A11,0
C7orf43,0
TRBV9,0
ARID1B,0
MECR,0
ZNF830,0
PARG,0
SNX3,0
PLEKHA7,0
F2RL2,0
GAPT,0
MIDN,0
ATP9A,0
TMEM18,0
ATAD2B,0
IREB2,0
UBIAD1,0
ASL,0
METRNL,0
GFOD1,0
NOLC1,0
HIST1H3D,0
GTF2A2,0
SDC4,0
C7orf26,0
CEP41,0
FNTA,0
DIDO1,0
RBM45,0
FAM76A,0
FBXO34,0
SGPP1,0
UTP14C,0
PHTF1,0
ZNF593,0
ACTL6A,0
KIAA0825,0
TNFSF4,0
KIF22,0
GM2A,0
SGOL2,0
NPC1,0
PNRC1,0
TSPAN5,0
NADK,0
KYNU,0
CABIN1,0
GFOD2,0
NT5C2,0
MTM1,0
TRPM2,0
ZMYM1,0
SAMD9,0
PATL2,0
SPPL2A,0
UBE2V2,0
ANXA4,0
RAB18,0
HS3ST3A1,0
HPS1,0
COX5B,0
CLIC3,0
ATP2B1,0
ZDHHC12,0
COX7A2,0
LPIN2,0
CCS,0
C1orf131,0
AGPAT6,0
BTF3L4,0
NIPAL3,0
ATP5J2-PTCD1,0
CD68,0
URI1,0
TRMT10B,0
MZB1,0
MRS2,0
C2orf74,0
SHFM1,0
NDUFA8,0
DTWD1,0
RALBP1,0
BCKDHB,0
SESN2,0
KCTD17,0
GRPEL2,0
FAM53C,0
KCNK5,0
RICTOR,0
PLAUR,0
VEGFB,0
TXNDC17,0
ZNF266,0
DOT1L,0
POTEI,0
POLH,0
TTBK2,0
DNAJB9,0
HACL1,0
WDR83OS,0
PLXND1,0
GNG10,0
CLEC16A,0
N4BP1,0
PINK1,0
FBXO45,0
SS18L2,0
OTUD4,0
TRDMT1,0
C19orf55,0
CCDC41,0
ACTN1,0
SRPR,0
USP1,0
CUTC,0
MRE11A,0
CCP110,0
SLC24A1,0
SNRPG,0
APTX,0
L3MBTL2,0
IL17RA,0
TCF3,0
CDC7,0
SYTL1,0
SNURF,0
POLR2L,0
WBP2,0
AAAS,0
LILRA4,0
CDCA2,0
TRBV7-1,0
NME7,0
PIKFYVE,0
ARMC7,0
CCR5,0
LY75-CD302,0
LGMN,0
SLC12A6,0
ADA,0
CBFB,0
LRRC37A2,0
ELP3,0
LEF1,0
PPIE,0
C3orf58,0
CCT8,0
KCNJ2,0
CDKN1B,0
ATG2A,0
GSPT2,0
PRKCH,0
SRP19,0
PFAS,0
FBXO10,0
PIDD,0
MARS,0
HIST1H2AM,0
ADD3,0
EIF2S2,0
KPNA1,0
IFT80,0
SCPEP1,0
FAM24B,0
ACAD9,0
ZNF101,0
C14orf159,0
FLOT1,0
HJURP,0
USP21,0
PERP,0
LILRA1,0
UBR5,0
SAMM50,0
SLC25A1,0
FBXO11,0
FCRL1,0
CCDC57,0
CLCN7,0
MCOLN1,0
MAL,0
NCR1,0
NUDT22,0
PDPR,0
DAGLB,0
VWA5A,0
ASTE1,0
ELMOD3,0
KM-PA-2,0
CMTM7,0
BLM,0
TLR6,0
TRGV5,0
SLFN13,0
PAFAH1B1,0
ASB7,0
RIPK3,0
EPOR,0
LTN1,0
DCTPP1,0
NDUFA6,0
ARHGAP19,0
TUBB2A,0
WDR48,0
XPNPEP3,0
TMEM259,0
SRPK1,0
CHTF8,0
SIRT2,0
MGRN1,0
SCFD1,0
TAPBPL,0
PCNP,0
SMIM4,0
C6orf226,0
SLC25A40,0
SWAP70,0
KIAA0125,0
PCED1A,0
C9orf114,0
CCDC141,0
UVSSA,0
CRCP,0
SYNC,0
DCUN1D1,0
RP9,0
ARID5B,0
SFSWAP,0
TBL2,0
KTI12,0
C2orf42,0
HLA-DMA,0
GSDMB,0
NUMB,0
SMC5,0
ACADS,0
WDR47,0
RNF122,0
C18orf21,0
PLCD1,0
DUSP18,0
PTCD3,0
CXCL2,0
ALG8,0
SLIRP,0
C5orf56,0
RALGPS1,0
STK35,0
C11orf21,0
TSPAN13,0
FAM126A,0
NPIPB8,0
EFHD2,0
PSMD3,0
DPM2,0
HSPB1,0
GNB1,0
CKAP4,0
NBR1,0
RAB2B,0
DENND4C,0
SIGLEC14,0
ZNF226,0
MDP1,0
RNF113A,0
SLC33A1,0
MARCKS,0
UEVLD,0
LY75,0
EIF5A2,0
GPX3,0
NDST1,0
TCEANC,0
RNF26,0
SMARCA5,0
ZNF677,0
POLR3A,0
STK19,0
GPD1L,0
RRM1,0
DDX47,0
DAAM1,0
PMF1,0
COG6,0
TRAV8-6,0
HIST1H1B,0
ATXN2L,0
DHRS4L2,0
TBCCD1,0
B3GALTL,0
KIAA0556,0
MUM1,0
SMG9,0
ZNF79,0
SEPSECS,0
TMEM123,0
FLI1,0
DNTTIP2,0
WDR27,0
PCGF6,0
ZNF524,0
TRGV8,0
KPNA2,0
RNASEH2A,0
GOPC,0
POLE4,0
DCUN1D2,0
CCNYL1,0
TTYH2,0
LAYN,0
CD79A,0
SKAP2,0
KIAA1033,0
BRD7,0
C21orf58,0
TRAPPC2L,0
FKBP1C,0
METTL3,0
ARFGEF2,0
LBR,0
NFKB1,0
C3orf17,0
GHDC,0
ZW10,0
NDUFB4,0
RBBP8,0
PGAP1,0
TRMT61B,0
COQ5,0
AKAP11,0
C10orf118,0
STOM,0
UHRF2,0
SNRPA,0
KIF20B,0
FEM1A,0
ADHFE1,0
ABCA2,0
MBTPS2,0
DYNC1LI1,0
NUDCD1,0
DPH2,0
FGD4,0
GNPAT,0
C11orf31,0
FRMD8,0
INO80B,0
SPATA20,0
ERO1LB,0
RHBDD2,0
SNX10,0
CNOT11,0
SGSM2,0
TMEM30A,0
CDYL,0
PPP1R16A,0
S100A4,0
VCAM1,0
IQSEC1,0
PMF1-BGLAP,0
PLXNA3,0
NELFA,0
NFATC2IP,0
SLC25A19,0
EEFSEC,0
AXL,0
GFM2,0
ARMCX6,0
APOBR,0
ZNF493,0
FAM149B1,0
WRAP73,0
NADK2,0
FURIN,0
PPP1R9B,0
MNDA,0
PPP1R14B,0
ZNRD1,0
MEI1,0
C1orf52,0
ZNF429,0
COQ2,0
FMR1,0
TUFT1,0
FAM3C,0
CD86,0
ZFAND2A,0
RNF185,0
IGHG4,0
PPCDC,0
NAA40,0
ZDHHC8,0
ZNF605,0
NUP214,0
AGAP5,0
EFCAB7,0
ABHD14B,0
TESPA1,0
VAMP8,0
C21orf2,0
CD274,0
CCDC104,0
ATP6AP2,0
DDTL,0
KLHL9,0
PGS1,0
NSMAF,0
TMEM115,0
TRAV29DV5,0
ETS2,0
ANKRD49,0
CNNM2,0
SLC31A1,0
TAF4,0
PIK3R1,0
SERHL2,0
MAP3K7CL,0
R3HDM1,0
GMCL1,0
TRIM14,0
VASH1,0
HNRNPM,0
LY86,0
CCHCR1,0
CLEC12A,0
HAUS4,0
ULK1,0
DDB1,0
ATP5G1,0
AD000671.6,0
GSTM1,0
HNRNPUL2-BSCL2,0
TRIB2,0
LCP1,0
TMEM212,0
STT3B,0
CLTB,0
ANK3,0
IFFO1,0
FAM192A,0
KHDRBS1,0
SERAC1,0
ABHD16B,0
SLC16A7,0
MKL2,0
SAMD10,0
IVD,0
LGALS9,0
SCML1,0
MYO9B,0
ZNF106,0
P2RX5-TAX1BP3,0
KIAA0226L,0
TCF20,0
SNX20,0
NSFL1C,0
POLR2B,0
DHRSX,0
PHF20L1,0
MEF2BNB,0
UQCR11,0
AP1AR,0
SMAD2,0
KLHL3,0
WDR92,0
RAB6A,0
CHRAC1,0
FOXK1,0
ATP5S,0
NAE1,0
TSPAN31,0
RHBDD1,0
FASTKD3,0
PIGP,0
PNPLA6,0
SOX4,0
ZNF100,0
SAP30L,0
ZNF841,0
USP6NL,0
HIST2H2BF,0
OSBPL8,0
ORC5,0
DEF8,0
BCL2L12,0
SRRD,0
ACADM,0
CD79B,0
SPTSSA,0
TLE4,0
GNB1L,0
DESI1,0
ZFYVE20,0
TUBA1C,0
ZNF85,0
C7orf55,0
BZRAP1,0
SLC25A11,0
PCED1B,0
TRPM4,0
ZNF611,0
HERC5,0
COPG1,0
LRP10,0
SPSB2,0
VPS13B,0
MFSD12,0
RHEB,0
TIRAP,0
PLCE1,0
SLC9B2,0
METTL7A,0
GOLGA8I,0
NRAS,0
SMIM8,0
PRPF3,0
MPG,0
WDR11,0
RP11-295P9.3,0
CPT1B,0
DCK,0
DMWD,0
TMEM230,0
ETFA,0
TMEM39B,0
SLC25A35,0
TYSND1,0
MAPK6,0
ZNF280D,0
DUT,0
C1orf86,0
EP400NL,0
AURKA,0
YY1,0
AMPD2,0
TRBV7-7,0
SLC25A20,0
L3MBTL1,0
PFDN4,0
POLR2I,0
CCDC34,0
FAM73B,0
GTPBP6,0
IPO11,0
WDR25,0
ZNF460,0
ZEB2,0
KIF18A,0
MTMR10,0
NDUFS7,0
PPIF,0
KIAA1328,0
TLR10,0
ENG,0
CCR4,0
MGAT5,0
SDHAF1,0
DRAM1,0
FH,0
ZWINT,0
ST7,0
GLG1,0
RPUSD4,0
C1orf162,0
ZNF397,0
DNASE1L1,0
CENPB,0
NUF2,0
GCLM,0
GRPEL1,0
PRKAB1,0
ZNF142,0
COA5,0
CENPP,0
CREBL2,0
SUPV3L1,0
GCDH,0
NSRP1,0
RAB3GAP2,0
NTAN1,0
TXNL1,0
NKIRAS2,0
LUZP1,0
NLRP6,0
PTPN18,0
RNF121,0
WDR74,0
STRADB,0
ACTR10,0
HSPBAP1,0
DSN1,0
CCDC117,0
AK9,0
TXNDC11,0
PDCD5,0
FARP1,0
UQCC2,0
MYBL2,0
C12orf4,0
CEPT1,0
GTF2IRD2B,0
DOLK,0
NFKB2,0
ZKSCAN8,0
UTY,0
AKAP2,0
TWISTNB,0
RANGAP1,0
DUOX1,0
GCNT2,0
SPHK2,0
GPR35,0
ECD,0
PFKFB2,0
TBC1D9,0
OTUD7B,0
ACBD5,0
AMIGO3,0
ABHD11,0
SAMD8,0
SMAD5,0
LDLRAD4,0
CPQ,0
PCCB,0
ZNF26,0
TCF25,0
PLAA,0
OASL,0
FAM208B,0
DCTN6,0
TAF8,0
AC007956.1,0
RNF146,0
RIC8B,0
SEC14L2,0
GOLIM4,0
MED30,0
CCDC30,0
HIST1H4I,0
SLK,0
SREBF1,0
MOCS2,0
DDX3Y,0
ZNF764,0
DTYMK,0
SPOPL,0
MGEA5,0
KDM6A,0
HIPK2,0
COQ7,0
CD2AP,0
S100A9,0
PPDPF,0
CHEK2,0
TCTN1,0
NCAPG,0
RELL2,0
MCF2L2,0
IER5,0
MAST4,0
VAMP3,0
ARHGEF10L,0
TMEM165,0
ERP27,0
SLC35A1,0
SCRN1,0
RSL1D1,0
WDSUB1,0
F8A1,0
EHMT1,0
CKS2,0
MPC1,0
METTL13,0
KAT6A,0
POTEF,0
MSL3,0
PKD1,0
YIPF1,0
ZMYM2,0
HNRNPA1,0
NUFIP1,0
KIAA0513,0
HIF1AN,0
CAPNS1,0
CRYBG3,0
PLAGL2,0
P4HB,0
ANAPC4,0
RTCB,0
JARID2,0
LLPH,0
PPP1R10,0
BUB1,0
ELOF1,0
SCOC,0
XBP1,0
ZNF836,0
ISCA1,0
HEATR6,0
DHRS4-AS1,0
CCDC93,0
PABPC3,0
TRIOBP,0
ZNF528,0
GLYCTK,0
KIDINS220,0
WDR61,0
RNASEK-C17orf49,0
IGLC2,0
NREP,0
C16orf62,0
SUV39H1,0
PHACTR1,0
ESCO1,0
HSBP1L1,0
SAP18,0
ZNF552,0
PDCD6IP,0
NUDT16L1,0
SNRNP200,0
BUD13,0
RBFA,0
UNK,0
MAFK,0
CLEC17A,0
SCP2,0
NDUFA5,0
SLC10A3,0
L3MBTL3,0
CSNK1G2,0
ICAM1,0
MOSPD2,0
RNFT1,0
C6orf89,0
MXD1,0
FTO,0
CRADD,0
CDKL3,0
IRS2,0
AL441883.1,0
RHNO1,0
FCGR2A,0
GBE1,0
IL4I1,0
RRAGA,0
RCL1,0
IL1RN,0
C5orf30,0
CSPP1,0
SCAND1,0
CCDC84,0
APH1B,0
YTHDC2,0
PNKD,0
POGK,0
PPP6R2,0
RNF170,0
HDAC5,0
LEPRE1,0
H6PD,0
N4BP2,0
BUD31,0
RPGR,0
ENOX2,0
CHKB,0
SNX6,0
PHACTR4,0
PPP6C,0
HSD17B1,0
SMUG1,0
AC138969.4,0
SIRT3,0
UBE2E1,0
CD40LG,0
TSC2,0
MED29,0
CALML4,0
ATP6V1F,0
TRBV6-5,0
MNT,0
CSTF2,0
UBOX5,0
LANCL2,0
STK38L,0
IWS1,0
PLEKHG2,0
ODF2,0
TRAF4,0
CASP4,0
EIF6,0
C1QC,0
ACTA2,0
AC120194.1,0
PMM1,0
CLINT1,0
MRFAP1L1,0
MINOS1-NBL1,0
KIFC1,0
RGS18,0
UBL5,0
RER1,0
NUP93,0
ZC3H14,0
LAMTOR3,0
DLST,0
ZNF3,0
GPR34,0
TYW1,0
TGFBR1,0
TRBV7-3,0
HEXA,0
PRR14L,0
RAB6C,0
KIAA1009,0
TSG101,0
ZNF773,0
XKR6,0
SLU7,0
NDUFB10,0
ZNF569,0
ZNF623,0
MCTS1,0
TMBIM4,0
INO80,0
MOSPD1,0
CYFIP2,0
SLC39A6,0
SPAG16,0
RBM47,0
AGFG2,0
SERINC1,0
UQCR10,0
RBM41,0
TXNDC16,0
TRMT12,0
KLHL11,0
CTDSP2,0
ZACN,0
RRNAD1,0
UCK2,0
NIPSNAP3A,0
METTL2A,0
GALNT3,0
COMMD7,0
IFNG,0
TIGD1,0
NECAP2,0
GRAMD3,0
FAM159A,0
LRMP,0
RGL4,0
THAP6,0
TRIP6,0
IL8,0
PRRC1,0
POFUT2,0
CAAP1,0
PRICKLE3,0
DPYSL2,0
HDHD1,0
TIAF1,0
POLR2M,0
ARHGAP19-SLIT1,0
ZBTB20,0
TMEM106C,0
HDAC3,0
UBXN1,0
SPIB,0
CHCHD6,0
NARFL,0
TMEM110-MUSTN1,0
TET3,0
IPMK,0
TRIP10,0
TTI2,0
TMEM41B,0
GPN2,0
C2CD3,0
ATF1,0
PUF60,0
GAPVD1,0
ENPP4,0
LLGL2,0
ERF,0
HELQ,0
DIAPH1,0
ICOSLG,0
C4orf46,0
SIDT2,0
FCHO1,0
PDE4A,0
TRAF7,0
ZNF284,0
GPALPP1,0
GOLGA8S,0
PWP1,0
MED16,0
ZNF550,0
ZBTB45,0
SMAD7,0
CORO7,0
CHST15,0
FDPS,0
ALKBH1,0
CUTA,0
CXCL3,0
TRMT1,0
DPP7,0
MLF2,0
TSNARE1,0
COA1,0
AKAP8,0
PHKB,0
NDUFB2,0
C1orf159,0
TPD52,0
NCAPD2,0
BRIX1,0
MTHFD1,0
SLC17A9,0
C10orf11,0
EPN2,0
PTPRK,0
TCTA,0
CCDC97,0
NFAM1,0
SUSD3,0
DNAJA3,0
CHMP2B,0
STX8,0
CCNC,0
RGS9,0
LILRA3,0
KIF21A,0
NRM,0
IL1B,0
BCL2,0
WDR70,0
SLX1A,0
TBC1D10C,0
PAQR8,0
TESK2,0
POLR3C,0
FAM193B,0
EIF5AL1,0
ATAD2,0
KAT7,0
ARL14EP,0
HIST2H2AC,0
NUAK2,0
CCNG1,0
THAP3,0
USP7,0
BIN1,0
MKL1,0
ARHGEF12,0
HIST1H2BJ,0
CNOT8,0
AP4S1,0
DCTN1,0
ZCCHC7,0
H2AFJ,0
TLR1,0
HAUS5,0
VAV2,0
EFTUD1,0
HAX1,0
SLC30A9,0
GPR22,0
POLR2H,0
WDR44,0
TMUB2,0
ADAM15,0
MRI1,0
ERCC6L2,0
C17orf89,0
CEP164,0
PPP1R15A,0
DDX19B,0
RAD51,0
RP11-793H13.10,0
C2CD5,0
SLC25A30,0
ABHD16A,0
ZNF280C,0
OAS3,0
PREPL,0
GPR68,0
DYRK1B,0
PILRA,0
SKIV2L,0
CNTD1,0
USP30,0
FAM228B,0
AL161784.1,0
PLD2,0
ZNF341,0
SPTY2D1,0
CD93,0
SAFB,0
SUGP1,0
MAFB,0
ESR1,0
RSAD2,0
HHEX,0
CCNA2,0
GALNT1,0
SLC35C1,0
MAGT1,0
ZFY,0
MAPKAP1,0
TNFAIP8,0
RRP8,0
POP4,0
PPP1R18,0
MYL6B,0
TRAV13-1,0
SIAH1,0
KIAA0195,0
GFER,0
PIK3CB,0
GGCX,0
PHF6,0
SPC24,0
TRIM39,0
XAB2,0
CENPK,0
PDE5A,0
SLC35B3,0
MED19,0
PBX2,0
TMEM167A,0
C16orf45,0
CIT,0
LRRC23,0
TFG,0
ANAPC2,0
ZNF580,0
ZDHHC2,0
LYRM7,0
ZMYM6,0
KLF16,0
SMARCC2,0
CD1D,0
ATP5J2,0
CDK17,0
ZNFX1,0
SIGIRR,0
ACYP2,0
PKN2,0
MED21,0
PBRM1,0
ABHD17B,0
MFSD5,0
SLC16A4,0
LMTK2,0
SLC35D1,0
APOBEC3F,0
DAPP1,0
TXNDC9,0
ITGB1BP1,0
NFRKB,0
PRC1,0
DCAF12,0
SLC26A11,0
MTX3,0
ANKZF1,0
GZMM,0
PRCC,0
ALDH3B1,0
METTL10,0
ACOX3,0
TARBP1,0
USP39,0
ZNF90,0
PVRL2,0
ZC3H7B,0
COX7B,0
TP53I13,0
CLSTN1,0
PNPT1,0
PTMS,0
SATB1,0
BCL9L,0
PDZD2,0
PXK,0
RAE1,0
TUBGCP3,0
YPEL1,0
SARM1,0
TAB2,0
NOL6,0
NME6,0
TMEM205,0
CD44,0
CCDC167,0
ZC4H2,0
FAM208A,0
TAF1A,0
POLL,0
ESPN,0
MAP3K11,0
ASF1A,0
NUS1,0
LMBRD1,0
RDH5,0
REV1,0
GIGYF2,0
GDI1,0
TANGO2,0
OTUD5,0
LACTB2,0
ARL11,0
RABL3,0
GPR75-ASB3,0
IL13RA1,0
ZNF324,0
IER3,0
AZI1,0
TRBV7-8,0
DENND3,0
ZNF230,0
KIF2A,0
CASKIN1,0
CKLF,0
FAM84B,0
CHI3L2,0
RHEBL1,0
TPGS2,0
VPS35,0
IKBKB,0
LPAR5,0
VARS,0
CCNT1,0
JAK2,0
NRF1,0
B4GALT3,0
FOXO3,0
CLMN,0
ZNF107,0
ZDHHC4,0
BTBD9,0
GPNMB,0
ZC3H11A,0
MTMR14,0
ZC3H13,0
TBCD,0
BTLA,0
NOP2,0
FAM200A,0
ARMCX5,0
SMC6,0
CEMP1,0
TMED1,0
ANKLE2,0
MAP3K4,0
GRAMD1B,0
THTPA,0
GPR84,0
PLXNC1,0
ALDOC,0
TMEM126B,0
SCARB1,0
FBXO25,0
BCL3,0
PPP2R5A,0
SUV420H2,0
FADS2,0
LRRC47,0
EXOSC3,0
NUDT4,0
RB1CC1,0
TNFSF8,0
VTI1A,0
NDUFS4,0
ABL1,0
MYEF2,0
GTF3C6,0
SLC44A2,0
BLK,0
FNBP4,0
CNDP2,0
POLA2,0
AIF1,0
DSCR3,0
SNX5,0
BCL2L13,0
ACTR1B,0
GORASP1,0
SIRPB2,0
UBASH3B,0
SEMA7A,0
EPN1,0
USP8,0
TIMMDC1,0
CEP97,0
MAP4K3,0
SLCO3A1,0
COG7,0
SMU1,0
DNAJC3,0
KIR2DL3,0
ATAT1,0
SLC43A2,0
THUMPD2,0
ACSL6,0
PFDN1,0
RPAP1,0
MTMR2,0
NXT2,0
ELK1,0
MIPOL1,0
RNF207,0
SNX18,0
DCLRE1C,0
ARFGAP2,0
DPY19L3,0
TMCO6,0
NPDC1,0
NFKBID,0
GLT8D1,0
IGSF8,0
APEH,0
IL12RB1,0
AHCYL2,0
STYX,0
FPGT,0
ZHX1,0
DNAJC9,0
SGTA,0
TTPAL,0
RNF14,0
IL1RAP,0
ORMDL3,0
STXBP2,0
C11orf49,0
CNR2,0
KIAA2018,0
ATP5H,0
APOE,0
SIT1,0
AHCYL1,0
SMCO4,0
GLTSCR1L,0
SLC5A2,0
KLRC3,0
NUPL1,0
FUBP3,0
LRRC16A,0
UTP14A,0
BRI3BP,0
SNX9,0
CSNK1G1,0
DHRS4,0
MLTK,0
TMEM164,0
XPO5,0
CNIH4,0
TMX3,0
PIGM,0
ZNF44,0
YIPF4,0
MANBAL,0
C17orf72,0
ANXA2,0
SMNDC1,0
MAN1A2,0
AC010441.1,0
APLP2,0
AGO1,0
TAMM41,0
TTC31,0
PTGDR,0
PTGS1,0
USP46,0
LRIG1,0
PRKCI,0
IPO7,0
GCH1,0
SRF,0
TSEN15,0
MIEN1,0
KLHL18,0
TMEM87B,0
SPRTN,0
PI4K2A,0
DSE,0
ABCF2,0
RPF1,0
CRAMP1L,0
WDR60,0
FUNDC1,0
NPIPA5,0
CASP7,0
CSTF3,0
CSNK1A1L,0
CTNNAL1,0
VPS45,0
AIG1,0
TAF6,0
TXNL4A,0
AGO3,0
MED1,0
TIPARP,0
GPBP1L1,0
B3GALT2,0
PDSS2,0
GPR141,0
ATF3,0
SPRYD7,0
PLEKHO2,0
SOCS5,0
HYI,0
RSPH3,0
SLC36A4,0
MORC3,0
EAF2,0
TLR9,0
OXLD1,0
TAF12,0
SYTL2,0
USP25,0
MCM9,0
EPB42,0
MTCH2,0
CSRP2BP,0
URB2,0
ALDH9A1,0
PPP1R3B,0
RBM48,0
PSTK,0
RUFY1,0
ATP8B4,0
RNF139,0
CAPN10,0
ARL17B,0
C11orf57,0
CCR2,0
DR1,0
MPC2,0
UBAC1,0
CD180,0
KRBOX4,0
ING1,0
KAT8,0
LIN52,0
SYS1,0
DPEP2,0
POFUT1,0
EIF1AX,0
TRIM68,0
RNF115,0
ACSL1,0
FLT3LG,0
KCTD9,0
CIR1,0
IQGAP2,0
IGHV1OR15-1,0
TNFSF14,0
EXOC3,0
ANKRD32,0
BCL7A,0
PAPOLG,0
ZNF257,0
ALAD,0
TBP,0
PLBD1,0
DHX34,0
HS3ST1,0
NBPF24,0
FAM193A,0
XCL1,0
SUPT7L,0
GOLGA3,0
WWC3,0
PDRG1,0
DPY19L4,0
NSMF,0
ZNF260,0
HLA-DOB,0
TMEM176A,0
CBWD2,0
THUMPD3,0
ELMO1,0
PTTG1IP,0
C2orf76,0
ZNRF2,0
ERP44,0
NR1H2,0
SLC25A38,0
MTFR1,0
PILRB,0
PDXDC1,0
AP000350.4,0
CCDC77,0
C19orf66,0
ANKFY1,0
GALNS,0
MAP3K9,0
RIN2,0
AFMID,0
EXOC5,0
PDE7B,0
UPF3A,0
GDAP2,0
GPR114,0
YIPF5,0
THG1L,0
MSI2,0
DNAJC14,0
PHAX,0
RGPD4,0
SCAF11,0
NUDT21,0
GPR18,0
CASP2,0
ZC3H15,0
KBTBD6,0
PTPLAD1,0
UBA6,0
DCAF15,0
FNTB,0
TRIM4,0
USPL1,0
TMX1,0
GPATCH4,0
ACOT11,0
INO80C,0
UBXN2A,0
CHMP3,0
CD9,0
AKR7A2,0
SLC25A4,0
DEXI,0
TAB1,0
CHKB-CPT1B,0
PDK3,0
TYROBP,0
GSN,0
HARS2,0
PCMTD1,0
APOBEC3D,0
CRAT,0
HMOX1,0
SEPHS1,0
TMEM243,0
RCC1,0
ADCK4,0
KTN1,0
WWOX,0
SOS1,0
FAM69A,0
ENOPH1,0
PSMD2,0
MAFG,0
TEX2,0
LAX1,0
UQCRQ,0
TBC1D3G,0
FRMD4A,0
UBQLN2,0
DNAH17,0
RNH1,0
ODF3B,0
RAD51B,0
POMT1,0
KIAA0232,0
CD53,0
MAP3K1,0
RP2,0
PCBP2,0
SPG20,0
TRIM37,0
LGALS2,0
EIF4A3,0
SLC35D2,0
EPB41L3,0
CASP6,0
LYSMD3,0
DUS1L,0
GTF2H2,0
MAN1C1,0
RHBDF2,0
NRP2,0
DPCD,0
METTL22,0
APOL1,0
SNX25,0
AL136115.1,0
CDK14,0
KIFC3,0
FAM120C,0
NCAPH,0
P2RY10,0
RP11-298I3.5,0
IL6R,0
CCDC66,0
ETV7,0
TOX,0
SREK1,0
EMP3,0
CARKD,0
IDH3A,0
CDK13,0
GUSB,0
DSTYK,0
GLMN,0
EI24,0
MMP25,0
AATF,0
BTRC,0
CLCN3,0
ACVR2A,0
TADA2B,0
SMG6,0
AP2A2,0
ERLEC1,0
ACACB,0
ZDHHC14,0
ETV1,0
AP000974.1,0
WDR45B,0
ARID2,0
R3HCC1,0
NFYB,0
CHST11,0
FAM160A2,0
EXOSC9,0
MAN2C1,0
SVIL,0
CAPN12,0
MMAB,0
MYOF,0
TMUB1,0
ULK2,0
DOCK4,0
CNTLN,0
PARP11,0
TRAPPC2,0
PZP,0
ORC6,0
GNB5,0
STRN3,0
UBE2T,0
SLFN12,0
ATRN,0
HPS5,0
LTB4R2,0
EGR3,0
IRF4,0
POM121C,0
BPNT1,0
ELK3,0
IMMT,0
ZFHX3,0
CARM1,0
USP10,0
KIN,0
MUTYH,0
NOM1,0
IRGQ,0
SEC24B,0
ZNF675,0
ZNF438,0
USE1,0
MAN2B1,0
KDM4A,0
CCDC94,0
IP6K2,0
ZNF428,0
FCGR3A,0
CWC25,0
RAD18,0
CCNJ,0
SPATS2,0
DSTN,0
E2F6,0
ANKRD35,0
NSUN6,0
ELMSAN1,0
GCFC2,0
AIM1,0
PQBP1,0
ULK3,0
MFGE8,0
TBC1D20,0
LRRC8B,0
TP53BP2,0
RIT1,0
SLC43A1,0
JUND,0
LRRC40,0
GSTZ1,0
ATP8B2,0
ZSWIM6,0
NEK8,0
FBXO21,0
NR1D1,0
NUP153,0
LZTR1,0
TRNT1,0
ADM,0
CXXC1,0
OAZ2,0
IGHA1,0
FKSG62,0
LMF1,0
STMN3,0
ATAD5,0
CEP76,0
TFB2M,0
CENPN,0
RNF216,0
PAQR4,0
TAF1,0
ING3,0
GTF2H2C,0
STX4,0
STAG1,0
GTPBP8,0
STK40,0
NEK5,0
HSPE1-MOB4,0
TLK2,0
TES,0
C7orf50,0
SDHC,0
GMFB,0
DENND2D,0
LSS,0
METTL12,0
MLLT4,0
FKBP1A,0
CAMK2G,0
NMB,0
ERGIC1,0
TNFRSF14,0
ZNF117,0
C15orf40,0
DOCK7,0
NMT2,0
TTC33,0
USP5,0
B3GAT3,0
TMEM242,0
CHPF,0
GOLGA7,0
PRDX3,0
ZNF800,0
PSAT1,0
PDE8A,0
CRYGS,0
PYGO2,0
RNF220,0
RBM7,0
ABHD10,0
PLCG2,0
MIEF1,0
ZC3H4,0
TARS,0
KIF16B,0
DYM,0
SLC3A2,0
PEX13,0
KCTD10,0
HLTF,0
DDX42,0
NCOA5,0
BTD,0
GTF2H5,0
PDGFD,0
VAMP2,0
OSGEP,0
KNTC1,0
ATG10,0
ZC2HC1A,0
ABL2,0
PLD4,0
ACIN1,0
STXBP3,0
PELP1,0
PIM2,0
HSD17B8,0
SMAD4,0
ALG3,0
CACNB1,0
MFAP3,0
NUDT5,0
INTS6,0
AC114546.1,0
WDR83,0
TFPT,0
FAM89B,0
PSMD4,0
ZNF92,0
CMC2,0
ASTN2,0
ODC1,0
TNRC6A,0
AKIRIN2,0
TRAV4,0
ZFP14,0
NDUFAF3,0
GXYLT1,0
LINC00998,0
C10orf12,0
STARD3NL,0
BAK1,0
LANCL1,0
REEP3,0
ZCCHC14,0
EZH1,0
C22orf29,0
HIP1,0
TRAK1,0
ARL1,0
FAM104B,0
ZFP62,0
SEC23B,0
GALNT10,0
DHPS,0
PRPSAP1,0
NKIRAS1,0
GIMAP6,0
PPIL3,0
RUFY2,0
METTL5,0
VPS18,0
RABGGTA,0
DMXL1,0
RAI1,0
SLC19A2,0
ZNF362,0
DNAJC21,0
DHX36,0
RIN3,0
ZNF672,0
CTSL,0
ABHD6,0
ASNS,0
DENND6A,0
LAGE3,0
LIN54,0
CHRNB1,0
ZC3H12C,0
GABARAP,0
CNPPD1,0
KRT222,0
AEN,0
MAML1,0
HMCES,0
FBXO9,0
PTCD1,0
NHLRC2,0
CERS6,0
BRD9,0
EXOSC4,0
PPT2,0
PSMD9,0
EHMT2,0
BCAP29,0
IL2RA,0
NIF3L1,0
DAP3,0
TRBV7-6,0
CREB3,0
PAPD4,0
KIAA1432,0
MSC,0
ATP11A,0
PIK3AP1,0
PYROXD2,0
EMILIN2,0
SLC9A7,0
ERCC4,0
HTRA2,0
SPEN,0
SPTAN1,0
ZNF75D,0
XRCC4,0
TGM2,0
AGPAT3,0
C8orf33,0
CCDC91,0
NKG2-E,0
MITF,0
RBM12B-AS1,0
B3GNTL1,0
NELFB,0
TIMM13,0
SUGT1,0
SH2D2A,0
CETN3,0
GNG5,0
PIH1D1,0
GPN1,0
KLHDC10,0
ZNF709,0
CD97,0
HBEGF,0
ZNF317,0
LILRA5,0
ZNF747,0
ZNHIT2,0
IL11RA,0
MASTL,0
STIP1,0
GTF2H1,0
LYRM9,0
S100A8,0
EXOSC10,0
MPHOSPH6,0
TRIM73,0
ZCCHC2,0
LCMT1,0
GNL1,0
CYP20A1,0
C12orf55,0
PAFAH1B3,0
SDAD1,0
C9orf91,0
PQLC2,0
ACAA2,0
NAA30,0
CTDP1,0
TNFAIP2,0
RARA,0
LONP1,0
FBXW11,0
SLC2A9,0
H2AFY,0
ZNF518B,0
MLLT10,0
ZBED5,0
DNTTIP1,0
DST,0
PGRMC2,0
NPIPB6,0
ATP6V1D,0
PIF1,0
TMEM147,0
FBXO18,0
SHMT2,0
CERS5,0
CCL3L1,0
MTHFD2L,0
SUPT5H,0
SUCLA2,0
RNASET2,0
KDELR1,0
CHKA,0
FHOD1,0
TAF7,0
SLC25A17,0
ZNF529,0
NAB2,0
FAM135A,0
ASF1B,0
WIPF2,0
PMFBP1,0
IKZF4,0
STRN,0
C19orf52,0
C21orf59,0
HADH,0
KIAA1715,0
CIRH1A,0
MAD2L1BP,0
GEMIN4,0
COG4,0
AL035252.1,0
CLK2,0
RABGAP1,0
UGP2,0
MOB3A,0
AES,0
NIPAL2,0
DPH5,0
BTN2A2,0
ZNF813,0
SLC41A2,0
LEO1,0
L3HYPDH,0
CASP1,0
FAM32A,0
ABI2,0
IQGAP3,0
SLC11A2,0
LSM6,0
ZNF181,0
DPH7,0
GLTP,0
SYNGAP1,0
RBM42,0
CBFA2T3,0
HAUS6,0
PRIM1,0
GABPB2,0
CAPN2,0
ANAPC13,0
NBPF16,0
ZBTB4,0
LRSAM1,0
GTPBP1,0
STIL,0
SREK1IP1,0
PSMD8,0
ATXN2,0
TMEM116,0
SIN3B,0
CDV3,0
BRAT1,0
FXN,0
PHF2,0
EXOSC8,0
TRMT11,0
NCOA2,0
MITD1,0
ERGIC3,0
ST7L,0
GOLPH3L,0
UBN2,0
SPAG9,0
LIX1L,0
DOPEY2,0
ZNF236,0
FICD,0
SULF2,0
SGSH,0
OIP5,0
ETV3,0
PDIA4,0
KDM1A,0
NF1,0
PLEKHA1,0
BCCIP,0
ZDHHC17,0
RND1,0
GEMIN8,0
ERLIN1,0
SLC4A1AP,0
DDX39B,0
CD14,0
CDC27,0
HCFC1,0
ASTL,0
VPREB3,0
LAIR2,0
MMEL1,0
NPIPA7,0
NCKIPSD,0
GCN1L1,0
ITM2C,0
SAMD9L,0
GRN,0
HOOK3,0
MOB2,0
PDE3B,0
LAMP3,0
CMIP,0
CLEC7A,0
ZNF141,0
SCFD2,0
NFXL1,0
LY6E,0
BICD1,0
PIGG,0
SUV420H1,0
NRBP1,0
TTC13,0
ABCG1,0
CCBL2,0
GMPS,0
DCUN1D3,0
ZNF354B,0
PHF1,0
TMEM161A,0
RAB35,0
RP4-559A3.7,0
RP11-343C2.9,0
TBC1D10A,0
NMD3,0
ZFP82,0
SPN,0
PRDX5,0
FAM162A,0
TPM1,0
RGS14,0
PIGX,0
CTAGE5,0
PGLS,0
EMD,0
NDFIP2,0
NUDT2,0
ENOSF1,0
TUBGCP2,0
BIVM,0
IL18RAP,0
CCDC82,0
AKTIP,0
SPNS3,0
MTX1,0
SSBP1,0
OTUD1,0
ZKSCAN1,0
ATP6AP1,0
MIF4GD,0
SHPK,0
PLGRKT,0
AKAP8L,0
SLC30A5,0
TRIM34,0
COG5,0
NLRP2,0
TMEM11,0
ARFGEF1,0
TUBB4B,0
APPL1,0
RAD50,0
ALOX5,0
MYSM1,0
CPSF4,0
HPS3,0
ZFYVE1,0
LYRM4,0
ORAI1,0
CCRL2,0
SLC1A5,0
NOMO2,0
HSDL1,0
GRIPAP1,0
YPEL3,0
SPSB1,0
BDH2,0
HIGD2A,0
SSB,0
ITGB7,0
PTPRN2,0
PCIF1,0
TYW1B,0
KNOP1,0
ARHGEF26,0
MTHFD1L,0
UBE2Q1,0
TARSL2,0
ICMT,0
FOCAD,0
DNAJA4,0
SMC3,0
PALD1,0
MAP4,0
HN1,0
SCLT1,0
AP000769.1,0
MCM2,0
PAN2,0
APH1A,0
ZDHHC18,0
FANCG,0
NRIP1,0
C19orf24,0
AGAP4,0
NSUN3,0
MTDH,0
LILRA6,0
ATXN3,0
DUSP6,0
NCOA4,0
SLC1A3,0
SH2B1,0
GALNT2,0
VPS4B,0
CTSB,0
ZNF395,0
YWHAH,0
PSMC3IP,0
RBM15B,0
RBBP7,0
YLPM1,0
SUPT6H,0
H3F3A,0
RING1,0
RNF144B,0
ZNF414,0
MPHOSPH9,0
BFSP2,0
MBD5,0
ASB16,0
PTPLAD2,0
SMPD3,0
TM2D1,0
PHB,0
CLDN15,0
PDCD7,0
RIOK3,0
VOPP1,0
NUP107,0
IL18,0
TRAV21,0
PANX1,0
IL7,0
CENPF,0
SBDS,0
ACSL3,0
DALRD3,0
AGER,0
TRBV28,0
HIST1H2BC,0
CENPE,0
LSM1,0
CYSTM1,0
RANBP9,0
MT1F,0
MTERF,0
PDLIM7,0
RNF135,0
PPM1M,0
EBF1,0
FOXN2,0
MED23,0
STK24,0
SCAPER,0
PPIAL4G,0
BRD1,0
NEURL4,0
LYPLA2,0
SART1,0
ATOX1,0
FBP1,0
WDR54,0
ITPK1,0
CKAP2,0
EMC4,0
DGKA,0
PCSK7,0
TMEM256,0
KCTD6,0
DUS2,0
ZNF654,0
GFPT1,0
ITPR3,0
HENMT1,0
PIP4K2B,0
IFT27,0
MAP1LC3B,0
RNF187,0
HSD17B4,0
EGLN1,0
SGOL1,0
VCPKMT,0
PAK1IP1,0
BORA,0
HIST1H3I,0
CAPZA2,0
ARHGDIA,0
SERPINA1,0
AVPI1,0
MBD3,0
NFKBIE,0
THAP5,0
CEBPB,0
ROCK1,0
CHAMP1,0
ATP1A1,0
RNF41,0
EIF4EBP2,0
ZFYVE28,0
ZFAND3,0
RABGGTB,0
ATL3,0
QTRT1,0
PIGV,0
DUSP1,0
TXLNA,0
PBX3,0
RAB34,0
FAM102B,0
CCDC163P,0
CMTM6,0
FNIP2,0
PTPN1,0
VPS41,0
ACOT2,0
PLEKHG1,0
SNN,0
POLR2C,0
TIMM10,0
ANPEP,0
ADRB2,0
KRBA1,0
KMT2B,0
HAT1,0
SZRD1,0
ACTR6,0
ATPAF1,0
NSDHL,0
TFRC,0
KLHL21,0
SLFN12L,0
B3GNT2,0
TMC6,0
HCFC2,0
PPP2R2B,0
NSF,0
SMARCAD1,0
PSMB4,0
RNF19B,0
CCDC132,0
BAG2,0
ASXL1,0
LY6G5C,0
LSM2,0
CDT1,0
PFKFB3,0
APOO,0
CD3EAP,0
TRAV12-2,0
ZNF484,0
C9orf37,0
CDK2,0
RGCC,0
ZBTB16,0
RBM4,0
COPG2,0
SNX13,0
AKAP9,0
UBE2S,0
SYK,0
RTCA,0
OSM,0
ZDHHC16,0
NPIPB11,0
CXCR5,0
VDAC3,0
SPON2,0
FAM195B,0
TKT,0
ATP5J,0
KIAA0391,0
JTB,0
DNAJC16,0
NDUFS8,0
PRPF40B,0
ACCS,0
UBALD2,0
PPP3R1,0
RP11-706O15.1,0
HIST3H2A,0
C4orf3,0
HMGB3,0
RARRES3,0
UPF3B,0
CTTN,0
TECR,0
LSM14B,0
SYMPK,0
GORASP2,0
SERPINF1,0
AK2,0
NBN,0
SULT1A3,0
TET1,0
BRMS1,0
ARSA,0
ZNF234,0
PCBD1,0
C6orf136,0
PTBP2,0
MZT2B,0
D2HGDH,0
TSC22D4,0
VPS25,0
DNAJC15,0
PTPLB,0
ZFAND2B,0
CRY1,0
PIK3R3,0
FRY,0
ERAP1,0
ZZZ3,0
ZNF154,0
PDCL,0
TMEM138,0
AGO2,0
TMEM258,0
ARF1,0
C12orf52,0
ANKRA2,0
KATNA1,0
PSMD5,0
TP53BP1,0
COBLL1,0
ARMC1,0
MTBP,0
AAMDC,0
MINK1,0
ARHGAP22,0
GTPBP2,0
CPT1A,0
P2RY6,0
DNAJB2,0
RCOR3,0
GLB1,0
FAM168B,0
PRPF18,0
PCCA,0
C9orf66,0
RGPD1,0
PEX3,0
RAPGEF2,0
NUDT3,0
NLE1,0
PLEKHA3,0
UCHL5,0
CASD1,0
MED6,0
FNDC3B,0
CAMTA1,0
IFNAR2,0
NUDT16,0
DUSP14,0
MYO6,0
FBXO31,0
ERBB2IP,0
AP2A1,0
ZNF81,0
RSPRY1,0
ATXN7L2,0
DYNLL2,0
IGHD,0
BCAS3,0
ZNF627,0
HDLBP,0
SMAP2,0
NDFIP1,0
POLD2,0
TMSB15B,0
NECAP1,0
CYB561A3,0
GFM1,0
ADAM10,0
ZNF296,0
BZW2,0
ERCC5,0
LRRC45,0
SPATA13,0
USP37,0
HMGCS1,0
RBCK1,0
FAM21A,0
AGGF1,0
VPS29,0
CEP104,0
SLMO2,0
LIPE,0
HPCAL1,0
DLAT,0
CCDC64,0
ARSK,0
TIA1,0
ST3GAL2,0
TNFRSF9,0
ZNF564,0
ZNF609,0
LY96,0
ELP4,0
HADHA,0
ALG1,0
SH3BP1,0
MLF1IP,0
SMAP1,0
PRPF19,0
IGF1R,0
METAP1,0
SRGAP3,0
ITGAE,0
SKIV2L2,0
CCDC137,0
SCAF8,0
C18orf25,0
EXT2,0
GTF2F1,0
HCFC1R1,0
AHSA2,0
TMEM156,0
PHLPP2,0
MON2,0
SOCS1,0
CAPN15,0
MED8,0
TTC16,0
PRDM4,0
CCT2,0
PPP2R1A,0
SNRPD1,0
DESI2,0
PLGLB1,0
CHD8,0
DDX54,0
CAPS,0
GDF11,0
SERINC4,0
ASCC2,0
ENC1,0
XPC,0
PCGF3,0
SNX12,0
LAMTOR2,0
STRBP,0
DNAH1,0
TNFRSF12A,0
CUL4B,0
STRA13,0
ANKRD13A,0
FKTN,0
TMEM79,0
WDYHV1,0
IGFBP4,0
DDX1,0
PET112,0
KLHL7,0
DCAF11,0
PMP22,0
C11orf80,0
SLC25A42,0
PANK3,0
PNN,0
PGBD3,0
TOPBP1,0
FAM78A,0
PSIP1,0
EPHB6,0
METTL15,0
IGF2R,0
ARSD,0
PNPLA8,0
ZNF146,0
MDM1,0
ULK4,0
DGCR6,0
FAH,0
SERPING1,0
ZNF276,0
ZBTB2,0
CAPN7,0
HTATIP2,0
STIM1,0
PFKL,0
ZNF510,0
RASAL3,0
SP3,0
RUNX2,0
STK11,0
KBTBD3,0
ENDOV,0
RNF40,0
WDR59,0
CAV1,0
UBASH3A,0
FAM111A,0
C20orf27,0
YBEY,0
RPP38,0
NMI,0
MZT1,0
RYK,0
FOXRED1,0
ZNF814,0
SMPD1,0
SLCO4A1,0
NINJ2,0
PRDX6,0
COX11,0
KLHL24,0
ITFG1,0
CPD,0
TMEM57,0
RALGDS,0
RP11-770J1.5,0
AL590867.1,0
BATF,0
LTBP3,0
HLA-DQA2,0
FIG4,0
SH2B3,0
NAGPA,0
RBM22,0
RANGRF,0
C16orf87,0
ZNF337,0
MAPK1,0
C7orf41,0
UBA2,0
CHD4,0
GYS1,0
CENPO,0
CSF1R,0
ETV5,0
ZNF506,0
LACC1,0
RBMXL1,0
SECISBP2,0
ZNF566,0
RGP1,0
INIP,0
INPP4A,0
TGDS,0
ZNF691,0
MORC2,0
RASA1,0
SEMA4B,0
DMAP1,0
UBXN6,0
ADI1,0
PLCG1,0
KMT2D,0
UNC119,0
ZBED2,0
ZFYVE21,0
UBR7,0
DHTKD1,0
STAU2,0
KAT2A,0
UQCC1,0
DCLRE1A,0
MTG2,0
TIMM17A,0
LSM10,0
IGLL5,0
SNRPE,0
CTD-2368P22.1,0
CWC22,0
SLC35F5,0
PHGDH,0
RNF11,0
CEP290,0
KLRC2,0
GINS2,0
OGFOD1,0
DHRS1,0
SLC25A39,0
DROSHA,0
DCP1B,0
TMEM14E,0
IGSF6,0
SDF4,0
COMMD9,0
PGAM4,0
ARRB2,0
GTF3A,0
ZMIZ1,0
EVI5,0
NAPA,0
TMEM209,0
RFWD3,0
CCDC174,0
EIF2AK1,0
MIR3654,0
RP11-286N22.8,0
PRCP,0
COMT,0
PLCXD2,0
CNBP,0
CST3,0
KIAA1279,0
BUB1B,0
TCP11L2,0
LRBA,0
GSTO1,0
PKN1,0
KRT10,0
FUS,0
ING4,0
KCTD7,0
NUTF2,0
HARBI1,0
COPS7A,0
NDUFAF6,0
OXSR1,0
NPL,0
ZNF708,0
SKAP1,0
SENP2,0
ZMAT3,0
PES1,0
GTF2B,0
BEX2,0
CDK11B,0
LIMS3L,0
PAICS,0
EIF1AY,0
EXOC6,0
NXT1,0
ZNF749,0
ASH1L,0
EHBP1,0
CAMK4,0
LRRC61,0
CEP63,0
AP3M2,0
MTRF1,0
ALG2,0
KLHL28,0
ZBTB25,0
C17orf62,0
UTP15,0
EIF4E2,0
ICA1L,0
ZGPAT,0
ZNF680,0
CAMSAP1,0
IFFO2,0
ZNF254,0
PPIL4,0
PAXIP1,0
TWF1,0
NCR3,0
SIGLEC10,0
RAP1GAP2,0
SLC35E4,0
CRK,0
PLEKHF1,0
ACTN4,0
LDLR,0
CRLF3,0
ZNF738,0
MAPK3,0
MAP2K5,0
NFE2L2,0
S100A11,0
KLF10,0
DNHD1,0
NOL7,0
PGPEP1,0
THEM6,0
ABCC10,0
MGAT4A,0
LIG3,0
C19orf48,0
MAPKAPK2,0
PEX26,0
SIRPB1,0
GPATCH2L,0
IDUA,0
TNPO3,0
MVB12B,0
NENF,0
HS3ST3B1,0
TMEM109,0
CAMKK2,0
PIM3,0
THOC2,0
XXYLT1,0
PREP,0
CYB5R3,0
SPCS3,0
TOR1AIP1,0
ZFAND5,0
RGS16,0
NHP2,0
FBXO28,0
POT1,0
EMC2,0
DDIT3,0
SPAST,0
HAVCR1,0
PAXBP1,0
TMEM39A,0
ACTR1A,0
ZNF606,0
RASSF4,0
PPP1CC,0
TTC22,0
OAS1,0
ZNF788,0
APOL6,0
ZNF770,0
EFHC1,0
ADCY3,0
SNF8,0
MKLN1,0
MAML3,0
GIMAP1,0
POLR3K,0
ARL10,0
OGFOD2,0
RILPL2,0
UBE2B,0
XRCC5,0
TAF10,0
GART,0
CTU2,0
ANKRD27,0
LYPLAL1,0
NUDCD3,0
HLA-DOA,0
KIAA1430,0
G6PC3,0
ZMPSTE24,0
RNF149,0
BLZF1,0
NOL11,0
FPR1,0
TMEM206,0
CDC42,0
AREG,0
ATF2,0
GAB1,0
RFX1,0
ZNF721,0
GOLT1B,0
E2F2,0
TIMELESS,0
ZNF717,0
ALYREF,0
FBXO5,0
CBR1,0
ATF6B,0
BANF1,0
RPRD1A,0
KDELR2,0
CCNI,0
MED24,0
SKA3,0
DVL2,0
DIMT1,0
ARIH2OS,0
AP1S2,0
CCRN4L,0
SLC7A5,0
SLC25A46,0
GALNT4,0
UFSP2,0
FCHSD2,0
QRSL1,0
FAM98C,0
PSTPIP2,0
C1orf27,0
CYP2R1,0
ST20,0
NLK,0
IQCG,0
KRT8,0
RPTOR,0
C19orf53,0
RP1-241P17.4,0
MPP5,0
AP000275.65,0
TMEM110,0
RTN3,0
S1PR1,0
TTC12,0
PPARA,0
C16orf13,0
KIAA1324,0
FUT5,0
GPR89A,0
ANKRD36,0
POGLUT1,0
DLEC1,0
NICN1,0
CD59,0
MED20,0
CPSF3,0
TOR1B,0
POLR1A,0
ZFP41,0
PRR5,0
CIZ1,0
ADARB1,0
SFXN3,0
SBNO2,0
CXorf38,0
CCDC69,0
RP11-500M8.7,0
SPAG4,0
SERTAD3,0
PTPRO,0
ZFYVE26,0
CCDC9,0
HAPLN3,0
SSFA2,0
TNFRSF10A,0
LTV1,0
WDR4,0
GAN,0
CGRRF1,0
C2orf43,0
UNC13D,0
ATG4A,0
KIAA1147,0
RWDD2B,0
HIST2H2BE,0
SYNRG,0
PICALM,0
NSUN5,0
IL10,0
LAT2,0
HELB,0
AGL,0
NPHP4,0
NFE2L1,0
TMEM176B,0
FANCA,0
PLEKHM3,0
MTPN,0
CERS2,0
STARD5,0
CDR2,0
TMEM141,0
PTPRS,0
METAP2,0
TCOF1,0
RFWD2,0
MTRR,0
B3GAT2,0
REPS1,0
DCP1A,0
SPCS1,0
LMNB1,0
ZSCAN30,0
TRIM24,0
HLA-DRA,0
ZNF674,0
THOC7,0
ZNF597,0
FUT10,0
DNA2,0
PPP4R1,0
ABCD2,0
MYCBP,0
MEPCE,0
NUPL2,0
MS4A7,0
TBCK,0
FANCC,0
SETD8,0
GALE,0
FAM20B,0
CASP3,0
ARFGAP1,0
HDAC9,0
DDT,0
RCAN3,0
UBP1,0
HERC2,0
UBE2G2,0
PAX5,0
MKRN2,0
ZNF592,0
CLASP2,0
LETM1,0
FARSA,0
CASC5,0
DHCR7,0
TMEM161B,0
PAPLN,0
SYNE2,0
VPRBP,0
PPIP5K2,0
LIPA,0
PIP4K2C,0
CASP9,0
NAIP,0
PPP1R13B,0
ZNF235,0
ATF6,0
ARMC8,0
DNAJC2,0
NIPA2,0
ENSA,0
GOLGA8A,0
SLC36A1,0
ANKRD37,0
DCAKD,0
FAM120A,0
PIGK,0
APITD1,0
AKR1A1,0
HSBP1,0
CFD,0
RFTN1,0
C15orf48,0
TBC1D9B,0
SULT1A2,0
INPP5B,0
NAPSA,0
CINP,0
HYPK,0
OXR1,0
ICAM3,0
SRP68,0
MARCKSL1,0
NEK6,0
UBE2D4,0
STPG1,0
IDH3B,0
ERLIN2,0
WRNIP1,0
STARD9,0
ZER1,0
KIAA1671,0
ZNF532,0
CAP1,0
PIAS4,0
BAIAP2,0
NEDD8,0
WDR12,0
BAG5,0
MAP4K5,0
EPHX2,0
REEP5,0
PPP1R21,0
C1orf198,0
GMIP,0
OST4,0
RAB3D,0
ALKBH5,0
GOLGA5,0
RTTN,0
CCDC88A,0
AKAP17A,0
OGDH,0
SRSF10,0
C3orf62,0
NAAA,0
COMMD3-BMI1,0
MAP3K3,0
SELM,0
HLA-DRB5,0
CRLS1,0
KDM5C,0
ARHGAP33,0
TMLHE,0
IMPA1,0
FAM131A,0
ACY1,0
ADSL,0
RAD23B,0
PSMC5,0
SENP1,0
NCSTN,0
C12orf5,0
NT5C3A,0
TERF1,0
DDX58,0
TRAV17,0
WIBG,0
RUFY3,0
CDC42EP3,0
SLFN11,0
TGS1,0
PHF10,0
VPS33A,0
GGT1,0
ABCB8,0
KIAA0586,0
ITIH4,0
CKS1B,0
CAST,0
ERVW-1,0
RAB2A,0
PHF23,0
POLR3GL,0
APOLD1,0
SKI,0
ERICH1,0
CORO2A,0
USP41,0
SERINC5,0
FAM175B,0
SLC48A1,0
PKIG,0
CATSPER2,0
ABHD5,0
TTC7A,0
PIP5K1A,0
C15orf61,0
FASTKD2,0
ATP6V0E2,0
CCSER2,0
RPUSD2,0
FBXL8,0
ADAMTSL3,0
TREX2,0
KLHL12,0
BAG6,0
ZFAND4,0
MAP2K2,0
LARP4,0
LINS,0
TBC1D25,0
DND1,0
ZNF786,0
SDHAF2,0
UBLCP1,0
APPBP2,0
TMEM45A,0
TRBV6-1,0
KNSTRN,0
NAA10,0
NOB1,0
ZNF320,0
IDH1,0
NPLOC4,0
ZFR,0
ESYT1,0
ASMTL,0
FAM101B,0
IPO13,0
ACBD3,0
C5orf51,0
EDEM2,0
C9orf3,0
MOV10,0
AGAP9,0
ZC3HAV1,0
TCTEX1D2,0
TPRG1,0
ESPL1,0
ZNF766,0
LUZP6,0
RALB,0
CMPK1,0
PPRC1,0
RASA4,0
ANKRD36C,0
EMB,0
RUVBL2,0
KLRD1,0
RUVBL1,0
METTL21A,0
TMEM63B,0
PACSIN2,0
SMARCE1,0
VPS26B,0
IMP3,0
TFIP11,0
RNF130,0
GRAMD4,0
GSR,0
KLF12,0
VDR,0
BLVRB,0
RIMKLB,0
ARL8B,0
CCDC73,0
DTX2,0
DKFZP779J2370,0
TBC1D10B,0
SMAD3,0
SLC35B1,0
PDGFA,0
NCR3LG1,0
SLC38A6,0
PTER,0
CEP44,0
GABBR1,0
ZNF737,0
CENPM,0
POU2F1,0
CCNG2,0
MARK2,0
INTS2,0
TECPR2,0
SLC4A5,0
TAF11,0
DPAGT1,0
GSE1,0
GNL3L,0
CBX5,0
DLG3,0
IFI44,0
INTS1,0
BLOC1S3,0
COMTD1,0
ABCB10,0
KLHL42,0
MAPK8IP3,0
HDGFRP2,0
MAP2K6,0
DYNC1LI2,0
MBNL3,0
SPPL3,0
COPS7B,0
GLRX5,0
DERL1,0
LSG1,0
SRC,0
TSPYL2,0
IFT46,0
ADPGK,0
CMTR1,0
VPS51,0
ESR2,0
TMED3,0
LCLAT1,0
ANKRD11,0
SMARCD2,0
CANT1,0
MYNN,0
LYSMD2,0
HTATSF1,0
MVK,0
INO80E,0
UAP1L1,0
AKAP5,0
TAX1BP3,0
MPRIP,0
LIG1,0
MFAP1,0
ITGB8,0
TNIK,0
HNRNPA0,0
PPIL2,0
IRAK1,0
IFT43,0
ENTPD6,0
PPM1A,0
GCNT1,0
NOMO1,0
SMARCD1,0
JAZF1,0
ZMYM6NB,0
TATDN1,0
AFTPH,0
COA3,0
GALT,0
HMOX2,0
RAB10,0
TMEM53,0
MPZL3,0
RRM2B,0
CD164,0
HIP1R,0
HSDL2,0
LRIF1,0
WHAMM,0
ZNF275,0
TUBGCP5,0
MVB12A,0
CUL5,0
C1orf35,0
BCAT1,0
FAM204A,0
NFE2L3,0
CARHSP1,0
BIN3,0
PURB,0
ABCC1,0
GPR180,0
TAOK2,0
ENPP2,0
FAM53B,0
PTRH1,0
RAB11B,0
RNMT,0
PMPCA,0
DCTN4,0
SGPL1,0
PRMT3,0
OLR1,0
ANKMY2,0
IARS2,0
YY1AP1,0
TSSC4,0
C4orf29,0
NME2,0
MYB,0
NEK4,0
ALG14,0
MTFMT,0
SCAMP2,0
FCGR1B,0
C2orf15,0
PTPN2,0
CRTC1,0
AP3D1,0
CD33,0
DCAF16,0
C1orf228,0
JMJD1C,0
LAP3,0
SNAPC3,0
ELOVL6,0
PCNT,0
PSMD13,0
ACER3,0
GABPB1,0
WDR43,0
TIPRL,0
MDC1,0
HECTD1,0
OSBP,0
PABPC1L,0
SPDYE3,0
NRP1,0
C2orf49,0
FAM198B,0
DSC2,0
P2RX5,0
SMPD2,0
RLTPR,0
C19orf10,0
APIP,0
UBE2F,0
MFSD10,0
MAU2,0
DBNL,0
HCK,0
GOLGA8B,0
FMNL2,0
CDKN3,0
CBX7,0
R3HDM4,0
AMFR,0
IFT74,0
PABPC4,0
AAMP,0
IDH3G,0
APOPT1,0
ZWILCH,0
DPH1,0
PEF1,0
SLC2A8,0
RP11-458D21.5,0
ZNF83,0
POTEE,0
MAGED2,0
AHCTF1,0
POLR3F,0
NUP205,0
ZNF844,0
TRAPPC8,0
SWSAP1,0
HSPA2,0
TSEN34,0
CISD1,0
CCDC12,0
TOP3B,0
USP4,0
TP73,0
FAM26F,0
PPME1,0
DYRK1A,0
MAPKAPK5,0
PON2,0
GTPBP3,0
PROSC,0
SLC39A7,0
FLNB,0
LPGAT1,0
ADCK3,0
SERTAD2,0
PGGT1B,0
POMGNT1,0
PLD3,0
RALY,0
TRBV27,0
RTKN2,0
TIMM23B,0
MAPK8,0
MLLT11,0
FAM227B,0
TRIAP1,0
AP1S1,0
RNF219,0
MKI67,0
TMEM173,0
AP3B1,0
CD96,0
TMED8,0
ARHGAP11B,0
PPM1K,0
VAV3,0
C1orf85,0
ATG14,0
SLC9A3R1,0
INPP5K,0
TRIM23,0
IL24,0
FCRL2,0
ASB2,0
FDFT1,0
MTMR12,0
NOL12,0
METTL25,0
COQ6,0
DHFRL1,0
FAM63B,0
CRELD2,0
ZBTB7A,0
KANSL3,0
IPO4,0
FSIP2,0
NOMO3,0
CENPJ,0
LRRC27,0
CDC123,0
HERC4,0
HMBOX1,0
DYRK2,0
ZNF776,0
ZNF212,0
SLBP,0
PANK2,0
ANKHD1-EIF4EBP3,0
TNFRSF4,0
SEC23IP,0
MYO1C,0
TIMM50,0
ADAM9,0
CYC1,0
NANOS1,0
CD48,0
ZNF431,0
SPNS1,0
FAM46A,0
CCL4L2,0
TMEM159,0
HSPA6,0
XCL2,0
GORAB,0
ARL8A,0
UBALD1,0
PLSCR1,0
TSR2,0
R3HDM2,0
GPD2,0
GPR82,0
WDR18,0
CLNS1A,0
TMEM187,0
SAMSN1,0
ARMCX3,0
PRKD2,0
PLXNB2,0
DOCK9,0
GLS,0
ZNF277,0
ERH,0
TP53INP2,0
SELK,0
ALDH18A1,0
SMARCC1,0
SURF1,0
U2AF2,0
AKT3,0
SLC12A4,0
MMGT1,0
ITPRIPL1,0
RAB13,0
FGD2,0
FAM222B,0
SH3PXD2A,0
PCYT1A,0
KANSL1L,0
TIMD4,0
FAM207A,0
HACE1,0
IRF7,0
MAMDC4,0
VWA9,0
ZNF227,0
VPS9D1,0
TRAV8-3,0
ANKHD1,0
RPUSD1,0
RIPK1,0
CIC,0
RPE,0
ZNF507,0
HMG20B,0
SECTM1,0
SLC17A5,0
OLA1,0
C11orf71,0
ZNF22,0
ZNF644,0
RSL24D1,0
SERINC3,0
YEATS4,0
PUS7,0
INADL,0
TOP2A,0
LILRB3,0
CHMP2A,0
KLF11,0
IMMP1L,0
SERPINB8,0
TTL,0
IFT88,0
WDTC1,0
NOD2,0
PLEKHB1,0
CLSTN3,0
CYP3A5,0
ARHGAP17,0
MAF1,0
C10orf32,0
TRIM5,0
PGM2L1,0
EXOC8,0
AGAP7,0
GPR155,0
LRP8,0
DIAPH2,0
EML2,0
KDM3A,0
ACOT8,0
PHRF1,0
PER1,0
ZNF780A,0
ABCB1,0
MS4A6A,0
TMEM256-PLSCR3,0
MAP3K7,0
ESYT2,0
PPM1G,0
BABAM1,0
TSPAN3,0
SMARCAL1,0
MAD2L1,0
SLC22A5,0
ACVR1,0
AP5Z1,0
MMP24,0
LEMD2,0
SLC7A7,0
HSPA14,0
UBAC2,0
ZNF668,0
GBA,0
SUCLG1,0
PECR,0
APOBEC3B,0
SYT15,0
PPP2R5E,0
CDC5L,0
TERF2IP,0
SMYD5,0
KSR1,0
SLC37A4,0
GGPS1,0
UBAP2L,0
RABL2A,0
HIAT1,0
KRIT1,0
ZNF527,0
SAT2,0
ZNF335,0
BTBD2,0
PCGF1,0
BAZ2A,0
PIGY,0
RUNDC1,0
MCU,0
ITFG2,0
PIK3R4,0
LGALS1,0
ORAI2,0
RIC8A,0
HPSE,0
VPS72,0
KDM8,0
DCTN5,0
TMX2,0
IMPDH1,0
HEBP1,0
SLAMF8,0
ZNF671,0
PABPN1,0
MYH11,0
MARK4,0
PEX16,0
OTUD3,0
SGK3,0
BAX,0
NAMPTL,0
PARL,0
ADRBK2,0
C14orf1,0
DHX30,0
TEP1,0
BLCAP,0
NSUN2,0
RNF6,0
VARS2,0
SFR1,0
TFE3,0
B9D2,0
ATXN1L,0
TCHP,0
EMC10,0
ATXN7L3B,0
TAZ,0
STX10,0
SEC31A,0
RNF103,0
C16orf98,0
GPR137B,0
GATA3,0
SIGLEC1,0
SLC2A1,0
SEC24C,0
NAPEPLD,0
ZNHIT6,0
DOCK5,0
FAM168A,0
BMI1,0
BIRC5,0
SYNJ2BP,0
ZBED4,0
TUBA4A,0
MBD2,0
CTDNEP1,0
WDR13,0
S1PR5,0
AGAP10,0
GID8,0
FAM118B,0
SETD6,0
XXbac-BPG181M17.5,0
MILR1,0
ECT2,0
HPGD,0
C12orf79,0
ZNF197,0
FAM115C,0
GGT7,0
TXNDC5,0
PAIP1,0
ISOC1,0
TRMU,0
ARL2BP,0
ELMO2,0
ATG4B,0
VCL,0
HDHD3,0
CTD-2116N17.1,0
MTA3,0
GADD45GIP1,0
PRMT6,0
FAHD1,0
GPATCH8,0
NCLN,0
FBXL15,0
ANKDD1A,0
KCMF1,0
TBL1XR1,0
MED7,0
TMEM97,0
ARHGAP30,0
PDCD11,0
NR2C2,0
AHR,0
SF3A2,0
PRPF6,0
BMS1,0
PSEN2,0
WDR41,0
USP54,0
TARBP2,0
RP11-463D19.2,0
TTC9C,0
TADA1,0
TBC1D3C,0
MAML2,0
SGK1,0
ZC3H3,0
PPM1N,0
SRD5A1,0
ZSCAN29,0
HIVEP3,0
ZNF80,0
GCC1,0
CCNT2,0
SLC3A1,0
ARF3,0
DENND5A,0
APBB1IP,0
SLC27A3,0
KRCC1,0
RTEL1,0
SLC9A9,0
MAPK7,0
WDR20,0
MED13L,0
TATDN3,0
MMS19,0
RP4-583P15.15,0
RNF125,0
NRROS,0
FBXW5,0
USP45,0
PPOX,0
MAGOH,0
C17orf58,0
BRI3,0
SLC35A5,0
PATL1,0
FUOM,0
ATP2A2,0
TM2D2,0
LAIR1,0
C17orf59,0
HSPA4,0
AFF3,0
REXO4,0
PID1,0
ARHGAP27,0
METTL6,0
APAF1,0
GPATCH11,0
XPO4,0
SLC10A1,0
APOL4,0
BCL11A,0
PLA2G12A,0
NABP2,0
DOPEY1,0
FAM129B,0
BRPF3,0
FAM60A,0
B3GALNT2,0
DDX51,0
MNAT1,0
FUCA2,0
GEMIN7,0
TBC1D14,0
RBM18,0
LSR,0
CTD-3214H19.4,0
TBC1D5,0
TERF2,0
TRAV12-1,0
AC008443.1,0
PJA1,0
RMI1,0
INTS9,0
COX18,0
SUOX,0
PSMC1,0
TMEM106B,0
CCDC25,0
TBRG4,0
CARD8,0
LSM3,0
JSRP1,0
HUS1,0
NCK2,0
TMEM181,0
WAPAL,0
PPP1R8,0
ELF2,0
FBXO22,0
KLHL8,0
MTMR8,0
ELAC2,0
SEC24A,0
EBP,0
SYCP3,0
RDH11,0
YIF1B,0
GANAB,0
AARS2,0
ZNF720,0
UBE3D,0
GNA15,0
AMN1,0
SLC5A6,0
SCIMP,0
ZNF512,0
IGHG2,0
ELOVL1,0
PRNP,0
CPEB3,0
TMEM135,0
FAM216A,0
TRAP1,0
HEXIM1,0
DCAF13,0
FAM126B,0
INTS7,0
KIAA0040,0
STK11IP,0
HIST1H1E,0
EID3,0
TNFAIP1,0
SIL1,0
COMMD2,0
OGFR,0
FLYWCH2,0
COL6A3,0
HIC2,0
TIPIN,0
C5orf24,0
ALG10,0
KDSR,0
CAT,0
ZNF346,0
C17orf49,0
NEK9,0
GIPR,0
FAN1,0
ESF1,0
PPT1,0
HMGN3,0
TTC4,0
RXRB,0
SMG5,0
NTPCR,0
BBS7,0
LSMD1,0
AMBRA1,0
ATP10A,0
SLC43A3,0
CD36,0
ANKRD54,0
C12orf43,0
CRIP1,0
TAF3,0
EPS15L1,0
NDUFAF7,0
SLC9A6,0
C16orf70,0
GUF1,0
CBX1,0
USP3,0
GYPC,0
CCDC134,0
NFU1,0
APOBEC3A,0
ARL16,0
ZNF12,0
ZNF25,0
PET117,0
FAM161B,0
RABEP1,0
SPCS2,0
MTERFD1,0
SNRPN,0
BANP,0
PTPN7,0
FCGBP,0
RLF,0
CS,0
PMS1,0
DNAJC18,0
WWP2,0
RAB11FIP4,0
TRGV4,0
NAA25,0
NDUFAF2,0
GNG4,0
UBFD1,0
ERMP1,0
PDIA6,0
ZBTB48,0
AMDHD2,0
ABCC5,0
POC5,0
FER,0
NDE1,0
MTMR1,0
SPTLC1,0
PARP9,0
SYNCRIP,0
PLCB3,0
TBCE,0
SUZ12,0
TPD52L2,0
CBX3,0
TRGV2,0
RNASEH2C,0
CCDC159,0
ERAL1,0
TMEM129,0
DDX10,0
DGKH,0
C15orf57,0
AP2M1,0
SLC7A1,0
UNC45A,0
SSNA1,0
CYTH2,0
ASNSD1,0
ST6GALNAC4,0
PRKAG2,0
HIATL1,0
ABR,0
DYNC1I2,0
CRIM1,0
IL15RA,0
SELL,0
MGST3,0
CD244,0
PPP4C,0
WAC,0
TANGO6,0
PSME3,0
CD163,0
PPP1R15B,0
AK3,0
ZNF622,0
ZNHIT3,0
NLRC3,0
SLC8B1,0
VAMP5,0
MOB3C,0
SLC6A6,0
MBD6,0
APBB1,0
CXCR3,0
PTPN13,0
NR4A3,0
MTIF2,0
FAM86A,0
FEN1,0
EPT1,0
USP40,0
TLR7,0
P2RX4,0
HMGCR,0
SLC25A28,0
GRK6,0
DMPK,0
GMPPA,0
ARL5B,0
CPNE3,0
TRIM52,0
WDFY2,0
NUP37,0
FADS3,0
AKIRIN1,0
KDM6B,0
HBS1L,0
ZNF519,0
DTX3,0
CCDC146,0
TADA2A,0
AC006132.1,0
DDX31,0
GRAP,0
PITPNB,0
C10orf128,0
UBAP1,0
C12orf45,0
TCEB3,0
LSM5,0
HEMK1,0
BCLAF1,0
NT5DC3,0
NFIL3,0
URGCP,0
FBF1,0
MAP3K13,0
SNX2,0
FCGR3B,0
ZNF385A,0
BTAF1,0
ACO2,0
CSF3R,0
CTR9,0
PEMT,0
RIOK1,0
TMEM160,0
PORCN,0
MFSD9,0
GPM6B,0
VPS26A,0
POU2AF1,0
SERF1B,0
PPP1R12C,0
ACOX1,0
MCMBP,0
ATP6V1G2-DDX39B,0
FAM173B,0
ODF2L,0
ENY2,0
SSH3,0
BCAS2,0
ACAD10,0
ZNF440,0
BRCA1,0
C16orf58,0
SLAIN2,0
VKORC1,0
WASF2,0
CBX4,0
SCAP,0
PPA1,0
PSAP,0
VAC14,0
STAP1,0
RP11-701P16.2,0
MCM4,0
KIF9,0
RALGAPB,0
SNAP29,0
TTC39B,0
hsa-mir-150,0
IFNGR1,0
LRTOMT,0
APOBEC3G,0
NIN,0
TAGLN,0
ZSCAN32,0
TOMM34,0
SLC37A3,0
C18orf8,0
STUB1,0
CD1C,0
CLEC10A,0
ZNF576,0
ZBTB33,0
PATZ1,0
SLC35B4,0
CPNE7,0
THAP4,0
SLCO2B1,0
MXD4,0
TRAF3,0
MAP3K6,0
TAF15,0
FAM83D,0
FMN1,0
C20orf24,0
CRYZL1,0
ASCC1,0
POLR2K,0
TSPAN4,0
CCDC127,0
NDUFV3,0
RRP15,0
CHURC1,0
CDC25B,0
SPINT1,0
PSMB2,0
CHMP6,0
LARP1,0
USP24,0
NUDT1,0
ARID3B,0
FOXO4,0
CCDC51,0
YIPF6,0
MBTPS1,0
HECA,0
TRGC2,0
CD52,0
COX7A2L,0
FANCF,0
POLR3H,0
CHID1,0
EPAS1,0
POTEG,0
ROGDI,0
